remark,n,pct_of_populated
Paym,1026518,37.49
Pa,355341,12.978
P,252836,9.234
U,152220,5.559
S,105997,3.871
Sent,104529,3.818
Se,86889,3.173
Paid,82269,3.005
UP,78387,2.863
Pay,68508,2.502
NA,37405,1.366
Payme,35803,1.308
Gold w,31488,1.15
N,28505,1.041
Pai,15745,0.575
P2,15617,0.57
Paymen,15546,0.568
NO R,14723,0.538
Payment,13875,0.507
pay,10218,0.373
Gold,8068,0.295
Sen,7579,0.277
L,6227,0.227
V,5791,0.211
20,5744,0.21
na,5582,0.204
Payment f,5501,0.201
PORD Customer Payment,5401,0.197
BP,5334,0.195
Subscr,4330,0.158
Navi,3388,0.124
Su,3294,0.12
C,3249,0.119
1,2955,0.108
Sent u,2938,0.107
Recu,2752,0.101
PAY,2581,0.094
CH,2556,0.093
Payo,2555,0.093
NO,2299,0.084
2,2159,0.079
s,1902,0.069
B,1832,0.067
n,1791,0.065
Veri,1743,0.064
Subs,1507,0.055
JIO20B,1480,0.054
Co,1473,0.054
Pay f,1276,0.047
Amt shall b,1227,0.045
c,1163,0.042
Upi,1114,0.041
I,1110,0.041
WL,1087,0.04
Up,1073,0.039
Verifi,1021,0.037
00,1018,0.037
Ve,982,0.036
p,978,0.036
MYC,955,0.035
PA,953,0.035
Subsc,891,0.033
Do,881,0.032
Upi Txn,854,0.031
P20,820,0.03
P203,803,0.029
CH20,778,0.028
0,767,0.028
P205,717,0.026
Na,696,0.025
P206,696,0.025
P202,683,0.025
Nav,636,0.023
R,629,0.023
4,628,0.023
Do n,623,0.023
Collec,619,0.023
Collect,616,0.022
6,590,0.022
Paid v,577,0.021
M,555,0.02
remar,554,0.02
Personal,553,0.02
5,530,0.019
P204,525,0.019
17,521,0.019
Re,515,0.019
G1,511,0.019
i,507,0.019
You are,474,0.017
0000,467,0.017
P201,456,0.017
MIN BAL,454,0.017
Execu,452,0.017
WLPS,415,0.015
EXEC,413,0.015
You a,404,0.015
D,387,0.014
P207,379,0.014
000,367,0.013
Sent us,365,0.013
a,353,0.013
FR GOLD LOAN,348,0.013
Payment fr,348,0.013
MINIMUM BALANCE,345,0.013
F,344,0.013
MB,339,0.012
S1,324,0.012
T,324,0.012
3,322,0.012
b,320,0.012
A,313,0.011
9,310,0.011
G,305,0.011
K,303,0.011
Sub,302,0.011
8,302,0.011
ex,291,0.011
7,276,0.01
BIGT,271,0.01
rema,256,0.009
NO RE,255,0.009
REFU,255,0.009
Oidm,254,0.009
ME,247,0.009
W,242,0.009
d,238,0.009
m,229,0.008
CHEQ,215,0.008
26,213,0.008
Reque,212,0.008
JIO20P,211,0.008
Send,210,0.008
compl,209,0.008
u,208,0.008
r,206,0.008
e,205,0.007
GOLD LOAN,199,0.007
Ac,199,0.007
ex00,194,0.007
Invoi,192,0.007
f,188,0.007
Pay20,184,0.007
t,183,0.007
Rec,179,0.007
No,175,0.006
VMH01,173,0.006
o,172,0.006
in,163,0.006
ok,161,0.006
Request,160,0.006
O,154,0.006
k,153,0.006
BD UTIMF,151,0.006
H,151,0.006
Paid vi,146,0.005
P1,145,0.005
JIO20M,145,0.005
P3,144,0.005
No r,141,0.005
IT32,140,0.005
pa,132,0.005
Tr,132,0.005
Decim,131,0.005
Br,130,0.005
loa,130,0.005
ca,129,0.005
Ver,129,0.005
MM,127,0.005
Pl,127,0.005
Col,127,0.005
E,124,0.005
Sent usi,122,0.004
Amazon,122,0.004
REFUN,121,0.004
UPIPay,120,0.004
g,119,0.004
TALA,119,0.004
Amazo,119,0.004
Me,118,0.004
paymen,114,0.004
Ph,112,0.004
P200,112,0.004
re,110,0.004
Upi Tx,110,0.004
RR,110,0.004
h,109,0.004
Pay t,109,0.004
j,105,0.004
food,104,0.004
Recur,103,0.004
JIO20T,102,0.004
l,102,0.004
NO REM,101,0.004
Penn,99,0.004
PC,98,0.004
Ca,98,0.004
CH2,97,0.004
comp,96,0.004
Ra,95,0.003
Tal,94,0.003
b0,92,0.003
com,91,0.003
v,90,0.003
MCRM8,89,0.003
Do no,88,0.003
PAY B,88,0.003
AnnualP,88,0.003
FETCHB,86,0.003
C1,86,0.003
w,85,0.003
Rin,85,0.003
WLPF,84,0.003
Payi,84,0.003
DUP PASS BOOK ISSUE,83,0.003
Fo,83,0.003
BAV,82,0.003
Y,81,0.003
G177,81,0.003
StuCred,80,0.003
Sa,79,0.003
Do not,78,0.003
Mo,78,0.003
MOPSUPI,77,0.003
Ma,77,0.003
tea,77,0.003
MCRM9,73,0.003
TX,73,0.003
Auto,72,0.003
co,72,0.003
z,71,0.003
J,70,0.003
G176,70,0.003
Po,69,0.003
56,67,0.002
CH202,67,0.002
pe,67,0.002
6c,66,0.002
Plea,64,0.002
de,63,0.002
Ke,62,0.002
63,62,0.002
Paid s,62,0.002
Colle,62,0.002
64,61,0.002
sa,61,0.002
Verif,61,0.002
2026,61,0.002
none,60,0.002
q,60,0.002
15,59,0.002
65,59,0.002
Petr,59,0.002
CT216,59,0.002
CT219,58,0.002
202,58,0.002
52,57,0.002
CO,57,0.002
Subscrip,57,0.002
di,57,0.002
Oid,57,0.002
In Ap,56,0.002
Z,56,0.002
Hi,56,0.002
55,56,0.002
ka,56,0.002
Q,55,0.002
retu,55,0.002
ra,55,0.002
Gas,55,0.002
CT214,55,0.002
Shop,54,0.002
MOPSUPIT,54,0.002
CT221,54,0.002
ba,54,0.002
Milk,54,0.002
CT213,54,0.002
Car,53,0.002
Sh,53,0.002
x,53,0.002
10,53,0.002
po,53,0.002
a6,52,0.002
Loa,52,0.002
ad,52,0.002
205,52,0.002
Notif,52,0.002
complai,52,0.002
61,52,0.002
T3,52,0.002
Asme,51,0.002
da,51,0.002
CT218,51,0.002
y,51,0.002
62,50,0.002
raj,50,0.002
CT222,50,0.002
auto,50,0.002
82,50,0.002
YS,49,0.002
69,49,0.002
ch,49,0.002
Rapi,49,0.002
fo,48,0.002
Ja,48,0.002
Tea,48,0.002
ig,48,0.002
Paid via C,47,0.002
203,47,0.002
NO REMAR,47,0.002
204,47,0.002
SP,46,0.002
Requ,46,0.002
ma,46,0.002
a8,46,0.002
CT223,46,0.002
CT212,46,0.002
2057,46,0.002
30,45,0.002
milk,45,0.002
6e,45,0.002
petr,45,0.002
In,45,0.002
Manda,45,0.002
57,45,0.002
54,44,0.002
5s,44,0.002
Ba,44,0.002
medi,44,0.002
payme,44,0.002
Dont,44,0.002
X,44,0.002
d6,44,0.002
d4,43,0.002
2032,43,0.002
Retu,43,0.002
Da,43,0.002
kh,43,0.002
CT217,43,0.002
67,43,0.002
19,42,0.002
6a,42,0.002
60,42,0.002
14,41,0.001
Navi U,41,0.001
58,41,0.001
a2,41,0.001
Ad,41,0.001
Sent V,41,0.001
Upi I,41,0.001
206,41,0.001
adva,41,0.001
wate,41,0.001
su,40,0.001
5r,40,0.001
bo,40,0.001
66,40,0.001
2027,39,0.001
Au,39,0.001
Scan,39,0.001
EM,39,0.001
CH2026,39,0.001
dg,39,0.001
2053,39,0.001
d1,39,0.001
d7,39,0.001
6d,39,0.001
2065,39,0.001
ce,39,0.001
2058,39,0.001
port,38,0.001
He,38,0.001
Adva,38,0.001
GENQ,38,0.001
5x,38,0.001
cy,38,0.001
2066,38,0.001
Port,38,0.001
a3,38,0.001
CT211,38,0.001
201,37,0.001
bi,37,0.001
a9,37,0.001
2033,37,0.001
Gr,37,0.001
a5,37,0.001
au,37,0.001
Accoun,37,0.001
WLP,36,0.001
68,36,0.001
YSae,36,0.001
ga,36,0.001
paym,36,0.001
2061,36,0.001
Ajay,36,0.001
a4,36,0.001
Cons,36,0.001
Ch,35,0.001
AS,35,0.001
BW7,35,0.001
lunc,35,0.001
Medi,35,0.001
bq,35,0.001
5u,35,0.001
cng,35,0.001
Wa,35,0.001
2025,35,0.001
6b,35,0.001
Food,34,0.001
Paid se,34,0.001
cs,34,0.001
SE,34,0.001
sel,34,0.001
Ki,34,0.001
13,34,0.001
DD,34,0.001
6f,34,0.001
CT215,34,0.001
TT,34,0.001
lo,34,0.001
paid,34,0.001
Ne,34,0.001
BP17,34,0.001
CT220,34,0.001
5w,34,0.001
51,34,0.001
2049,34,0.001
Sent usin,33,0.001
As,33,0.001
2055,33,0.001
My,33,0.001
ha,33,0.001
MPZ13,33,0.001
CA,33,0.001
Bi,33,0.001
c0,33,0.001
2062,33,0.001
5y,32,0.001
2035,32,0.001
br,32,0.001
Lunc,32,0.001
2045,32,0.001
Ta,32,0.001
subs,32,0.001
dc,32,0.001
5z,32,0.001
se,32,0.001
Sc,31,0.001
2031,31,0.001
Nast,31,0.001
Groc,31,0.001
Cng,31,0.001
tr,31,0.001
cz,31,0.001
50,31,0.001
2050,31,0.001
PAY BY WH,30,0.001
cx,30,0.001
MCRM4,30,0.001
NO REMA,30,0.001
2044,30,0.001
cl,30,0.001
a7,30,0.001
93,30,0.001
2052,30,0.001
Kred,30,0.001
2024,30,0.001
c9,30,0.001
2068,30,0.001
Cab,30,0.001
Sent f,30,0.001
5v,30,0.001
cd,30,0.001
CT224,30,0.001
bs,30,0.001
2064,29,0.001
207,29,0.001
5t,29,0.001
bh,29,0.001
2019,29,0.001
Ut,29,0.001
wa,29,0.001
2069,29,0.001
2030,29,0.001
Room,29,0.001
em,29,0.001
Ok,29,0.001
room,28,0.001
be,28,0.001
2015,28,0.001
BF,28,0.001
Pe,28,0.001
ct,28,0.001
MPZ15,28,0.001
53,28,0.001
2060,28,0.001
4v,28,0.001
Coll,28,0.001
pi,28,0.001
cq,28,0.001
2021,28,0.001
d0,28,0.001
5o,28,0.001
Fe,28,0.001
hair,28,0.001
bu,28,0.001
100,28,0.001
cf,27,0.001
59,27,0.001
CN,27,0.001
Wate,27,0.001
Uber,27,0.001
Fr,27,0.001
bd,27,0.001
CNG,27,0.001
udha,27,0.001
c7,27,0.001
4t,27,0.001
labo,26,0.001
df,26,0.001
cu,26,0.001
No R,26,0.001
De,26,0.001
2051,26,0.001
Ti,26,0.001
Di,26,0.001
ii,26,0.001
chic,26,0.001
25,26,0.001
cr,26,0.001
bj,26,0.001
16,26,0.001
ar,26,0.001
c1,26,0.001
5c,26,0.001
BWe,26,0.001
sala,26,0.001
cc,26,0.001
car,26,0.001
OX,26,0.001
bv,25,0.001
BP16,25,0.001
c5,25,0.001
2056,25,0.001
2048,25,0.001
BWf,25,0.001
5k,25,0.001
5m,25,0.001
i9,25,0.001
bg,25,0.001
ag,25,0.001
b051,25,0.001
expres,25,0.001
sh,25,0.001
am,25,0.001
2046,25,0.001
FS,24,0.001
me,24,0.001
99,24,0.001
SENDI,24,0.001
SEND,24,0.001
94,24,0.001
Apri,24,0.001
40,24,0.001
Ea,24,0.001
Ho,24,0.001
ti,24,0.001
Help,24,0.001
Ni,24,0.001
dabe,24,0.001
Ha,24,0.001
Amaz,24,0.001
2034,24,0.001
bt,24,0.001
Ri,24,0.001
5p,24,0.001
2029,24,0.001
5q,24,0.001
XX,24,0.001
Bh,24,0.001
2028,23,0.001
Hair,23,0.001
SH,23,0.001
d3,23,0.001
ih,23,0.001
la,23,0.001
a1,23,0.001
2067,23,0.001
d9,23,0.001
Al,23,0.001
COL,23,0.001
Tran,23,0.001
hi,23,0.001
gold,23,0.001
La,23,0.001
dh,23,0.001
21,23,0.001
49,23,0.001
nu,23,0.001
c6,23,0.001
5j,22,0.001
000A,22,0.001
2063,22,0.001
5l,22,0.001
Loan,22,0.001
c4,22,0.001
Oi,22,0.001
cg,22,0.001
ri,22,0.001
bz,22,0.001
pani,22,0.001
ex0,22,0.001
2054,22,0.001
ci,22,0.001
4k,22,0.001
2022,22,0.001
Ga,22,0.001
CT210,22,0.001
dd,22,0.001
12,21,0.001
2036,21,0.001
5a,21,0.001
ac,21,0.001
2047,21,0.001
2059,21,0.001
2012,21,0.001
Acco,21,0.001
ud,21,0.001
Adv,21,0.001
MPZ10,21,0.001
pr,21,0.001
Lo,21,0.001
cj,21,0.001
2023,21,0.001
Ro,21,0.001
Ot,21,0.001
5e,21,0.001
Ka,21,0.001
Mi,21,0.001
MPB01,21,0.001
5d,21,0.001
b8,21,0.001
bro,21,0.001
G17,21,0.001
4a,21,0.001
te,21,0.001
2014,21,0.001
cn,21,0.001
BW6,21,0.001
vada,20,0.001
6g,20,0.001
MPZ09,20,0.001
c3,20,0.001
bc,20,0.001
a0,20,0.001
cake,20,0.001
kira,20,0.001
2043,20,0.001
rice,20,0.001
Home,20,0.001
kr,20,0.001
d2,20,0.001
Aler,20,0.001
aa,20,0.001
sw,20,0.001
al,20,0.001
Refun,20,0.001
as,20,0.001
th,20,0.001
97,20,0.001
1778,20,0.001
000AA,20,0.001
B033,20,0.001
11,20,0.001
OK,20,0.001
2041,20,0.001
an,19,0.001
ie,19,0.001
Th,19,0.001
WLPS4,19,0.001
ic,19,0.001
bp,19,0.001
c8,19,0.001
ap,19,0.001
Stre,19,0.001
id,19,0.001
18,19,0.001
BP15,19,0.001
c2,19,0.001
dj,19,0.001
Debi,19,0.001
2042,19,0.001
BO,19,0.001
2009,19,0.001
4m,19,0.001
Pers,19,0.001
b9,19,0.001
cw,19,0.001
Chic,19,0.001
Vege,19,0.001
Vi,19,0.001
Bill,19,0.001
Saga,19,0.001
hh,19,0.001
bx,19,0.001
Paid sec,19,0.001
2037,19,0.001
Fuel,19,0.001
2038,19,0.001
9q,19,0.001
idli,19,0.001
if,19,0.001
fuel,18,0.001
cm,18,0.001
d5,18,0.001
4w,18,0.001
5g,18,0.001
tra,18,0.001
2040,18,0.001
d8,18,0.001
ps,18,0.001
28,18,0.001
Ar,18,0.001
May,18,0.001
MCRM3,18,0.001
mo,18,0.001
CH20260,18,0.001
mi,18,0.001
Go,18,0.001
8e,18,0.001
aut,18,0.001
Frui,18,0.001
2071,18,0.001
kam,18,0.001
vege,18,0.001
ta,18,0.001
Kira,18,0.001
fr,18,0.001
Bike,18,0.001
85,18,0.001
fa,18,0.001
ia,18,0.001
2070,18,0.001
83,18,0.001
Pr,18,0.001
2078,18,0.001
Cust,18,0.001
Pu,18,0.001
4g,18,0.001
200,18,0.001
pant,18,0.001
PAYMENT F,17,0.001
2039,17,0.001
bn,17,0.001
ice,17,0.001
gas,17,0.001
8q,17,0.001
ne,17,0.001
dk,17,0.001
Am,17,0.001
ck,17,0.001
Te,17,0.001
Pani,17,0.001
Inte,17,0.001
Bus,17,0.001
Fa,17,0.001
bhaj,17,0.001
refu,17,0.001
Yo,17,0.001
ja,17,0.001
ki,17,0.001
Fi,17,0.001
bl,17,0.001
Kr,17,0.001
8t,17,0.001
BW0,17,0.001
CT225,17,0.001
4r,17,0.001
5b,17,0.001
chai,17,0.001
SIGN VERIFICATION,16,0.001
NO REMARK,16,0.001
psk,16,0.001
pu,16,0.001
22,16,0.001
41,16,0.001
ae,16,0.001
MCRM2,16,0.001
coco,16,0.001
Em,16,0.001
24,16,0.001
Do not m,16,0.001
MER5,16,0.001
80,16,0.001
9x,16,0.001
juic,16,0.001
1000,16,0.001
9s,16,0.001
b1,16,0.001
bb,16,0.001
Sent v,16,0.001
9f,16,0.001
aj,16,0.001
db,16,0.001
BWc,16,0.001
emi,16,0.001
Dinn,16,0.001
Dr,16,0.001
sosa,16,0.001
BW4,16,0.001
i8,16,0.001
Bada,16,0.001
2073,16,0.001
g p,16,0.001
1777,16,0.001
Payou,16,0.001
DS,16,0.001
7a,16,0.001
Bala,16,0.001
Ap,16,0.001
Nh,16,0.001
Payment fro,15,0.001
DD CANCELLATION,15,0.001
9r,15,0.001
TRANS,15,0.001
1776,15,0.001
Mand,15,0.001
new,15,0.001
2020,15,0.001
baba,15,0.001
up,15,0.001
bala,15,0.001
BWb,15,0.001
top,15,0.001
BW3,15,0.001
8p,15,0.001
MCR10,15,0.001
BA,15,0.001
23,15,0.001
pt,15,0.001
177,15,0.001
fi,15,0.001
Dies,15,0.001
MARU,15,0.001
Keep,15,0.001
dr,15,0.001
dinn,15,0.001
UPIInten,15,0.001
eb,15,0.001
Sma,15,0.001
96,15,0.001
ir,15,0.001
b2,15,0.001
MO,15,0.001
Bo,15,0.001
8m,15,0.001
45,15,0.001
Ud,15,0.001
do,15,0.001
June,15,0.001
Vyapa,15,0.001
ax,15,0.001
RE,15,0.001
cp,15,0.001
sub,15,0.001
Pf,15,0.001
ph,15,0.001
27,15,0.001
ak,15,0.001
cv,15,0.001
KNTE,15,0.001
Dh,14,0.001
av,14,0.001
cas,14,0.001
6j,14,0.001
Mone,14,0.001
92,14,0.001
Okay,14,0.001
4q,14,0.001
vala,14,0.001
exp,14,0.001
sk,14,0.001
tick,14,0.001
ist,14,0.001
2016,14,0.001
water,14,0.001
N2,14,0.001
MCRM5,14,0.001
6m,14,0.001
Bg,14,0.001
8v,14,0.001
loan,14,0.001
cb,14,0.001
P4,14,0.001
N1,14,0.001
A1,14,0.001
Audi,14,0.001
Invo,14,0.001
4s,14,0.001
so,14,0.001
0x,14,0.001
Ola,14,0.001
34,14,0.001
8l,14,0.001
5i,14,0.001
b5,14,0.001
4z,13,0.0
9y,13,0.0
Ju,13,0.0
dr f,13,0.0
Chan,13,0.0
Pan,13,0.0
BW9,13,0.0
9l,13,0.0
WE,13,0.0
8d,13,0.0
98,13,0.0
bike,13,0.0
Upi T,13,0.0
4h,13,0.0
dres,13,0.0
NY,13,0.0
b7,13,0.0
Mer,13,0.0
Ko,13,0.0
ub,13,0.0
9m,13,0.0
vi,13,0.0
4n,13,0.0
So,13,0.0
Vyap,13,0.0
Per,13,0.0
8f,13,0.0
6n,13,0.0
5n,13,0.0
adv,13,0.0
4u,13,0.0
Maha,13,0.0
dayl,13,0.0
8k,13,0.0
fl,13,0.0
f4,13,0.0
Prin,13,0.0
alw,13,0.0
Ple,13,0.0
C02512,13,0.0
Labo,13,0.0
04,13,0.0
PM,13,0.0
001,13,0.0
PF,13,0.0
Don,13,0.0
tshi,13,0.0
89,13,0.0
YP,13,0.0
P2066,13,0.0
MPB03,13,0.0
Puri,12,0.0
BW1,12,0.0
b6,12,0.0
Towa,12,0.0
Sala,12,0.0
un,12,0.0
9a,12,0.0
SN,12,0.0
gs,12,0.0
MER6,12,0.0
SR51,12,0.0
9g,12,0.0
87,12,0.0
fc,12,0.0
Pn,12,0.0
NM,12,0.0
Chai,12,0.0
ol,12,0.0
bab,12,0.0
Sent fr,12,0.0
ro,12,0.0
Jy,12,0.0
i7,12,0.0
biry,12,0.0
ib,12,0.0
SW,12,0.0
P2033,12,0.0
gr,12,0.0
76,12,0.0
8n,12,0.0
flow,12,0.0
Tiff,12,0.0
Fuch,12,0.0
va,12,0.0
bus,12,0.0
BW2,12,0.0
35,12,0.0
Cashp,12,0.0
43,12,0.0
Verifie,12,0.0
ho,12,0.0
NQ,12,0.0
rt,12,0.0
Kindle,12,0.0
9p,12,0.0
chit,12,0.0
j4,12,0.0
cab,12,0.0
Cas,12,0.0
4l,12,0.0
taxi,12,0.0
1st,12,0.0
samo,12,0.0
b3,12,0.0
s0,12,0.0
mu,12,0.0
9i,12,0.0
91,12,0.0
79,12,0.0
Fees,12,0.0
Acc,12,0.0
2013,12,0.0
bm,12,0.0
af,12,0.0
Np,12,0.0
42,12,0.0
than,12,0.0
500,12,0.0
NH,12,0.0
SR1d,12,0.0
ve,11,0.0
4b,11,0.0
Offi,11,0.0
Taxi,11,0.0
N3,11,0.0
Nk,11,0.0
rem,11,0.0
2072,11,0.0
AU,11,0.0
jc,11,0.0
Mu,11,0.0
Nm,11,0.0
WLT,11,0.0
ccp,11,0.0
Marc,11,0.0
9t,11,0.0
ABCD,11,0.0
4p,11,0.0
Aj,11,0.0
dudh,11,0.0
Ci,11,0.0
Ele,11,0.0
G178,11,0.0
bal,11,0.0
Aa,11,0.0
N9,11,0.0
bhis,11,0.0
aw,11,0.0
MPL Ga,11,0.0
2076,11,0.0
aq,11,0.0
shir,11,0.0
BW5,11,0.0
ni,11,0.0
chik,11,0.0
Bang,11,0.0
46,11,0.0
P2040,11,0.0
Ft,11,0.0
bill,11,0.0
Pw,11,0.0
PG,11,0.0
AW,11,0.0
P2026,11,0.0
9e,11,0.0
2018,11,0.0
8s,11,0.0
amo,11,0.0
dahi,11,0.0
b4,11,0.0
Chik,11,0.0
90,11,0.0
6h,11,0.0
el,11,0.0
dp,11,0.0
Of,11,0.0
Foo,11,0.0
Tu,11,0.0
84,11,0.0
74,11,0.0
SR7d,11,0.0
bk,11,0.0
Bc,11,0.0
4y,11,0.0
Vika,11,0.0
8y,11,0.0
NC,11,0.0
groc,11,0.0
N0,11,0.0
ff,11,0.0
shop,11,0.0
IP,11,0.0
MER7,11,0.0
bf,11,0.0
por,10,0.0
Pc,10,0.0
RS,10,0.0
Rk,10,0.0
8b,10,0.0
9j,10,0.0
4i,10,0.0
fe,10,0.0
01,10,0.0
Puls,10,0.0
PP,10,0.0
card,10,0.0
Mujamm,10,0.0
Ge,10,0.0
8o,10,0.0
8w,10,0.0
47,10,0.0
Qf,10,0.0
Oidzee54,10,0.0
MPZ11,10,0.0
Kis,10,0.0
7d,10,0.0
COLLEC,10,0.0
Hous,10,0.0
Reta,10,0.0
Pleas,10,0.0
dhar,10,0.0
Prov,10,0.0
dl,10,0.0
Si,10,0.0
Vy,10,0.0
ao,10,0.0
Li,10,0.0
oil,10,0.0
1775,10,0.0
El,10,0.0
P2028,10,0.0
ab,10,0.0
Prime R,10,0.0
UO,10,0.0
C02602,10,0.0
si,10,0.0
SR5d,10,0.0
2017,10,0.0
75,10,0.0
Hod,10,0.0
dosa,10,0.0
33,10,0.0
P2050,10,0.0
bhar,10,0.0
wo,10,0.0
Ab,10,0.0
Aut,10,0.0
BZ,10,0.0
2077,10,0.0
SHZX,10,0.0
9h,10,0.0
44,10,0.0
N6,10,0.0
Win,10,0.0
pc,10,0.0
b0516,10,0.0
9w,10,0.0
Paru,10,0.0
1766,10,0.0
P2063,10,0.0
BW8,10,0.0
6i,10,0.0
Tra,10,0.0
he,10,0.0
khan,10,0.0
CS,10,0.0
AC,10,0.0
SK,10,0.0
P2022,10,0.0
7r,10,0.0
xe,10,0.0
we,10,0.0
jcb,10,0.0
nast,10,0.0
Sent using,9,0.0
N8,9,0.0
H542270,9,0.0
Janu,9,0.0
site,9,0.0
Kh,9,0.0
b0516z,9,0.0
Addi,9,0.0
Is,9,0.0
Air,9,0.0
Post,9,0.0
Khan,9,0.0
PV,9,0.0
MPZ12,9,0.0
GE,9,0.0
Bu,9,0.0
N5,9,0.0
PN,9,0.0
fars,9,0.0
Fast,9,0.0
Va,9,0.0
002,9,0.0
tota,9,0.0
st,9,0.0
6k,9,0.0
Suda,9,0.0
Ny,9,0.0
4c,9,0.0
Int,9,0.0
vb,9,0.0
BG,9,0.0
ai,9,0.0
coff,9,0.0
95,9,0.0
P7,9,0.0
Kd,9,0.0
On a,9,0.0
az,9,0.0
sent,9,0.0
SRb,9,0.0
Oidzee5f,9,0.0
P199,9,0.0
Pg,9,0.0
2010,9,0.0
complain,9,0.0
ND,9,0.0
int,9,0.0
shoe,9,0.0
8u,9,0.0
li,9,0.0
go,9,0.0
Refu,9,0.0
AI,9,0.0
Pain,9,0.0
kal,9,0.0
Nq,9,0.0
CREA,9,0.0
5h,9,0.0
Bana,9,0.0
at,9,0.0
Oidzee5a,9,0.0
38,9,0.0
Rap,9,0.0
Nz,9,0.0
Nn,9,0.0
brea,9,0.0
us,9,0.0
1d,9,0.0
rs,9,0.0
ix,9,0.0
8b3d9,9,0.0
New,9,0.0
Cu,9,0.0
SRb0,9,0.0
post,9,0.0
mk,9,0.0
9o,9,0.0
Shiv,9,0.0
med,9,0.0
Oidzee52,9,0.0
C202,9,0.0
fu,9,0.0
Gift,9,0.0
amme,9,0.0
Genio,9,0.0
MER8,9,0.0
Mach,9,0.0
um,9,0.0
chap,9,0.0
B0,9,0.0
72,9,0.0
dn,9,0.0
Sk,9,0.0
4j,9,0.0
9z,9,0.0
Collect r,8,0.0
tu,8,0.0
1779,8,0.0
sm,8,0.0
sama,8,0.0
pai,8,0.0
Ex,8,0.0
Apay,8,0.0
Pay to B,8,0.0
ola,8,0.0
Manc,8,0.0
Ak,8,0.0
jan,8,0.0
NK,8,0.0
lass,8,0.0
Sare,8,0.0
31,8,0.0
Samo,8,0.0
29,8,0.0
Bank,8,0.0
Pp,8,0.0
Non,8,0.0
81,8,0.0
Icec,8,0.0
Im,8,0.0
cour,8,0.0
Sn,8,0.0
Ce,8,0.0
Bm,8,0.0
req,8,0.0
AmazonC,8,0.0
P6,8,0.0
Fu,8,0.0
Chee,8,0.0
We,8,0.0
Pooj,8,0.0
Nf,8,0.0
4d,8,0.0
NF,8,0.0
8260,8,0.0
door,8,0.0
elec,8,0.0
2007,8,0.0
P2019,8,0.0
Pq,8,0.0
TI,8,0.0
vo,8,0.0
hl,8,0.0
BIRE,8,0.0
FR,8,0.0
NJ,8,0.0
CZ,8,0.0
Emi,8,0.0
PZ,8,0.0
no,8,0.0
pl,8,0.0
Gi,8,0.0
9k,8,0.0
P2035,8,0.0
PB,8,0.0
2000,8,0.0
9u,8,0.0
Pd,8,0.0
zZ,8,0.0
Janv,8,0.0
drin,8,0.0
exch,8,0.0
BWd,8,0.0
SRb2,8,0.0
Esse,8,0.0
XD,8,0.0
e1,8,0.0
IG,8,0.0
Mang,8,0.0
5f,8,0.0
7v,8,0.0
Sabj,8,0.0
TUT,8,0.0
PO,8,0.0
OD,8,0.0
Asis,8,0.0
all,8,0.0
SR24,8,0.0
ob,8,0.0
ren,8,0.0
nj,8,0.0
Vik,8,0.0
Dres,8,0.0
P2056,8,0.0
f2,8,0.0
Elec,8,0.0
inte,8,0.0
Dhar,8,0.0
Gutk,8,0.0
AD,8,0.0
uber,8,0.0
826,8,0.0
N7,8,0.0
St,8,0.0
AUT,8,0.0
ay,8,0.0
Oil,8,0.0
Pj,8,0.0
h7,8,0.0
Ji,8,0.0
Verified,8,0.0
DDD,8,0.0
home,8,0.0
TR,8,0.0
MPB02,8,0.0
P2064,8,0.0
eg,8,0.0
Asmee,8,0.0
sal,8,0.0
Oidzee59,8,0.0
tend,8,0.0
All,8,0.0
PY,8,0.0
NZ,8,0.0
2h,8,0.0
off,8,0.0
Ice,8,0.0
ACH0,8,0.0
You,8,0.0
bhel,8,0.0
b05,8,0.0
Day1,8,0.0
Nv,8,0.0
Plum,8,0.0
BWa,8,0.0
Man,8,0.0
2w,8,0.0
Dep,8,0.0
pizz,8,0.0
PX,8,0.0
Hote,8,0.0
ceme,8,0.0
Px,8,0.0
Own,8,0.0
P8,8,0.0
mohs,8,0.0
2q,8,0.0
udr,8,0.0
RC,8,0.0
Mala,8,0.0
2395,8,0.0
NP,8,0.0
BH,8,0.0
9b,8,0.0
Sand,8,0.0
8r,8,0.0
LR0,8,0.0
2z,8,0.0
nikh,8,0.0
Paid secu,7,0.0
8z,7,0.0
Feb,7,0.0
BX,7,0.0
MCRM1,7,0.0
fetch,7,0.0
3b,7,0.0
park,7,0.0
Part,7,0.0
Fram,7,0.0
clea,7,0.0
Nx,7,0.0
en,7,0.0
dine,7,0.0
Book,7,0.0
JK,7,0.0
P0,7,0.0
A202,7,0.0
PH,7,0.0
P2018,7,0.0
clot,7,0.0
CRN,7,0.0
Tyre,7,0.0
8i,7,0.0
37,7,0.0
NU,7,0.0
CT202,7,0.0
Pv,7,0.0
Le,7,0.0
Gaad,7,0.0
Navi UP,7,0.0
hote,7,0.0
Gadi,7,0.0
MCRM7,7,0.0
uP,7,0.0
H6,7,0.0
ah,7,0.0
3d,7,0.0
gx,7,0.0
e0,7,0.0
IF,7,0.0
Pate,7,0.0
Adf,7,0.0
UP3,7,0.0
Phot,7,0.0
W1,7,0.0
Smar,7,0.0
Main,7,0.0
ed,7,0.0
70,7,0.0
Cutt,7,0.0
SRed,7,0.0
8h,7,0.0
tran,7,0.0
2008,7,0.0
Nj,7,0.0
Rame,7,0.0
ube,7,0.0
Oidzee5b,7,0.0
Cred,7,0.0
vipu,7,0.0
Amit,7,0.0
intr,7,0.0
suka,7,0.0
Udha,7,0.0
trai,7,0.0
Ret,7,0.0
6s,7,0.0
MCRM0,7,0.0
CQ,7,0.0
ky,7,0.0
Ng,7,0.0
veg,7,0.0
f1,7,0.0
IP Fun,7,0.0
m1,7,0.0
Jg,7,0.0
P2058,7,0.0
WLPS3,7,0.0
2079,7,0.0
v1,7,0.0
tabl,7,0.0
Ayan,7,0.0
x9,7,0.0
2nd,7,0.0
EF0,7,0.0
06,7,0.0
nill,7,0.0
Fl,7,0.0
7n,7,0.0
frp,7,0.0
86,7,0.0
nij,7,0.0
Tota,7,0.0
2n,7,0.0
may,7,0.0
P2011,7,0.0
9n,7,0.0
selv,7,0.0
P2025,7,0.0
Ol,7,0.0
Onli,7,0.0
phot,7,0.0
P2062,7,0.0
wi,7,0.0
qy,7,0.0
fY,7,0.0
n9,7,0.0
eA,7,0.0
B7,7,0.0
FO,7,0.0
Rd,7,0.0
P2055,7,0.0
BI,7,0.0
48,7,0.0
frui,7,0.0
8x,7,0.0
TA,7,0.0
Oidzee58,7,0.0
SIB,7,0.0
SR6f,7,0.0
STAR26,7,0.0
P2067,7,0.0
88,7,0.0
lab,7,0.0
4x,7,0.0
gh,7,0.0
An,7,0.0
feb,7,0.0
Por,7,0.0
PU,7,0.0
bdn,7,0.0
egg,7,0.0
P2054,7,0.0
KM,7,0.0
sare,7,0.0
Card,7,0.0
Clot,7,0.0
sp,7,0.0
okay,7,0.0
Ku,7,0.0
2074,7,0.0
P2057,7,0.0
papa,7,0.0
39,7,0.0
tuti,7,0.0
Mahe,7,0.0
chet,7,0.0
Ravi,7,0.0
ju,7,0.0
MPB00,7,0.0
CT209,7,0.0
kn,7,0.0
Pand,7,0.0
tiya,7,0.0
momo,7,0.0
v5,7,0.0
Dram,7,0.0
rm,7,0.0
SRbf,6,0.0
7z,6,0.0
MMC,6,0.0
rapi,6,0.0
Rs,6,0.0
Oidzee50,6,0.0
Recurr,6,0.0
last,6,0.0
batt,6,0.0
Gh,6,0.0
Brea,6,0.0
NX,6,0.0
e6,6,0.0
300,6,0.0
Soma,6,0.0
aaji,6,0.0
JX,6,0.0
dawa,6,0.0
Sendin,6,0.0
Wafe,6,0.0
Xuv,6,0.0
MrBh,6,0.0
MS,6,0.0
U8,6,0.0
case,6,0.0
man,6,0.0
Es,6,0.0
gu,6,0.0
71,6,0.0
Tail,6,0.0
Cc,6,0.0
hu,6,0.0
vv,6,0.0
bric,6,0.0
SR03,6,0.0
77,6,0.0
agar,6,0.0
Uta,6,0.0
Supe,6,0.0
kand,6,0.0
Ceme,6,0.0
7w,6,0.0
SR12,6,0.0
udhar,6,0.0
Jm,6,0.0
Rahu,6,0.0
Than,6,0.0
Momo,6,0.0
RM,6,0.0
sand,6,0.0
n0,6,0.0
ss,6,0.0
Revers,6,0.0
jean,6,0.0
kx,6,0.0
6t,6,0.0
Yu,6,0.0
0d,6,0.0
Um,6,0.0
Silv,6,0.0
khar,6,0.0
PQ,6,0.0
Xi,6,0.0
RA,6,0.0
cT,6,0.0
JJ,6,0.0
yo,6,0.0
P2036,6,0.0
char,6,0.0
Fina,6,0.0
md,6,0.0
balan,6,0.0
kres,6,0.0
CI,6,0.0
3c,6,0.0
bw,6,0.0
Sha,6,0.0
P208,6,0.0
Tes,6,0.0
bloo,6,0.0
RJ,6,0.0
ligh,6,0.0
2011,6,0.0
8c,6,0.0
Oidzee5c,6,0.0
IA,6,0.0
gg,6,0.0
f7,6,0.0
9061d,6,0.0
ABL,6,0.0
Jays,6,0.0
P2043,6,0.0
wj,6,0.0
Kulf,6,0.0
Ama,6,0.0
Airp,6,0.0
NG,6,0.0
nakk,6,0.0
moon,6,0.0
Nath,6,0.0
aata,6,0.0
0e,6,0.0
1u,6,0.0
OW,6,0.0
Mil,6,0.0
Ow,6,0.0
Fetchi,6,0.0
SR7f,6,0.0
j1,6,0.0
JL,6,0.0
N4,6,0.0
SR79,6,0.0
eZ,6,0.0
1f,6,0.0
Sendi,6,0.0
T7,6,0.0
36,6,0.0
Prime,6,0.0
Hosp,6,0.0
bana,6,0.0
Sal,6,0.0
Nira,6,0.0
MM5D,6,0.0
Loadin,6,0.0
Rash,6,0.0
Juic,6,0.0
1500,6,0.0
j2,6,0.0
vy,6,0.0
gz,6,0.0
Sund,6,0.0
5500,6,0.0
cha,6,0.0
TG,6,0.0
Cake,6,0.0
Ana,6,0.0
oz,6,0.0
Ed,6,0.0
Venu,6,0.0
NW,6,0.0
q2,6,0.0
Punc,6,0.0
Roll,6,0.0
Paan,6,0.0
P2061,6,0.0
f9,6,0.0
temp,6,0.0
disa,6,0.0
P2009,6,0.0
J7,6,0.0
P2023,6,0.0
porte,6,0.0
3000,6,0.0
BQ,6,0.0
td,6,0.0
7k,6,0.0
uday,6,0.0
Nb,6,0.0
GR,6,0.0
Hr,6,0.0
8bc35,6,0.0
NB,6,0.0
Snac,6,0.0
pend,6,0.0
SA,6,0.0
9H,6,0.0
it,6,0.0
Bb,6,0.0
KER,6,0.0
78,6,0.0
Py,6,0.0
Pm,6,0.0
1D,6,0.0
JN,6,0.0
KA40A,6,0.0
xC,6,0.0
LF,6,0.0
7L,6,0.0
NV,6,0.0
Oidzee56,6,0.0
3l,6,0.0
9D,6,0.0
PRP69,6,0.0
9d,6,0.0
Monu,6,0.0
zZ7,6,0.0
GU,6,0.0
P2024,6,0.0
K5,6,0.0
CU,6,0.0
Km,6,0.0
NE,6,0.0
pp,6,0.0
7G,6,0.0
BP18,6,0.0
rx,6,0.0
Kris,6,0.0
Jan,6,0.0
Be,6,0.0
8g,6,0.0
Lite,6,0.0
Stam,6,0.0
P19,6,0.0
P2049,6,0.0
pane,6,0.0
BC,6,0.0
Ic,6,0.0
t6,6,0.0
j5,6,0.0
P2015,6,0.0
Nc,6,0.0
chaa,6,0.0
P2052,6,0.0
Kk,6,0.0
SR58,6,0.0
Hand,6,0.0
le,6,0.0
Shav,6,0.0
PRP77,6,0.0
dhee,6,0.0
san,6,0.0
32,6,0.0
jF,6,0.0
sruc,6,0.0
ef,6,0.0
Lx,6,0.0
Ss,6,0.0
Pk,6,0.0
kist,6,0.0
Bp,6,0.0
P2065,6,0.0
Jh,6,0.0
ln,6,0.0
KH,5,0.0
1780,5,0.0
cF,5,0.0
Comp,5,0.0
f6,5,0.0
Qk,5,0.0
2075,5,0.0
Sar,5,0.0
CP,5,0.0
0b,5,0.0
3rd,5,0.0
rec,5,0.0
2j,5,0.0
P2068,5,0.0
nn,5,0.0
ran,5,0.0
SR9b,5,0.0
SR9,5,0.0
Kee,5,0.0
Pre A,5,0.0
B8,5,0.0
Hub,5,0.0
P2044,5,0.0
IS,5,0.0
A3,5,0.0
payou,5,0.0
Ek,5,0.0
sf,5,0.0
lu,5,0.0
XH,5,0.0
7i,5,0.0
Bisc,5,0.0
IK,5,0.0
MB U,5,0.0
9G,5,0.0
Xn,5,0.0
2004,5,0.0
POP U,5,0.0
MMQ,5,0.0
Nu,5,0.0
Rf,5,0.0
P2041,5,0.0
Sonu,5,0.0
JU,5,0.0
ks,5,0.0
x8,5,0.0
VIR,5,0.0
5217,5,0.0
MMZD,5,0.0
mc,5,0.0
Oidzee55,5,0.0
Dise,5,0.0
BU,5,0.0
07,5,0.0
pote,5,0.0
9L,5,0.0
Zu,5,0.0
sS,5,0.0
tk,5,0.0
ws,5,0.0
ip,5,0.0
vc,5,0.0
mH,5,0.0
Grou,5,0.0
sift,5,0.0
yc,5,0.0
Xero,5,0.0
ox,5,0.0
P2059,5,0.0
K6,5,0.0
Tata,5,0.0
BJ,5,0.0
Sca,5,0.0
Kz,5,0.0
zo,5,0.0
chur,5,0.0
Puja,5,0.0
B2,5,0.0
lemo,5,0.0
Rasa,5,0.0
Panp,5,0.0
fd,5,0.0
Pi,5,0.0
Swee,5,0.0
ll,5,0.0
YSa,5,0.0
Hapt,5,0.0
v408,5,0.0
N366860,5,0.0
pers,5,0.0
t4,5,0.0
iw,5,0.0
P20741,5,0.0
Pb,5,0.0
yd,5,0.0
usne,5,0.0
WLTS,5,0.0
s4,5,0.0
E9,5,0.0
punc,5,0.0
0c,5,0.0
1k,5,0.0
P2069,5,0.0
MMQJ,5,0.0
col,5,0.0
curr,5,0.0
4e,5,0.0
salar,5,0.0
eq,5,0.0
oy,5,0.0
Eg,5,0.0
wJ,5,0.0
Hari,5,0.0
Toll,5,0.0
kh9,5,0.0
uZ,5,0.0
cabl,5,0.0
Dw,5,0.0
Fund,5,0.0
rz,5,0.0
Anil,5,0.0
ei,5,0.0
hy,5,0.0
amou,5,0.0
P2030,5,0.0
tj,5,0.0
G1784,5,0.0
sanjay,5,0.0
Dont ch,5,0.0
fb,5,0.0
prin,5,0.0
g2,5,0.0
0001,5,0.0
E4,5,0.0
AL,5,0.0
SR76,5,0.0
W7,5,0.0
PW,5,0.0
Dahi,5,0.0
OidV,5,0.0
snac,5,0.0
vq,5,0.0
B4,5,0.0
Add,5,0.0
Wash,5,0.0
mr,5,0.0
Wifi,5,0.0
Wg,5,0.0
BD,5,0.0
Cl,5,0.0
Bd,5,0.0
ID,5,0.0
mob,5,0.0
za,5,0.0
fina,5,0.0
e2,5,0.0
Tick,5,0.0
Maso,5,0.0
9V,5,0.0
Pick,5,0.0
SENDIN,5,0.0
IXIGO,5,0.0
Gg,5,0.0
Bal,5,0.0
box,5,0.0
SUWJ,5,0.0
ARP,5,0.0
hisa,5,0.0
Nw,5,0.0
test,5,0.0
hema,5,0.0
Kre,5,0.0
g1,5,0.0
cred,5,0.0
jy,5,0.0
KG,5,0.0
2006,5,0.0
Jo,5,0.0
anda,5,0.0
Jagg,5,0.0
ST,5,0.0
fund,5,0.0
1C,5,0.0
Ub,5,0.0
1c,5,0.0
Unlo,5,0.0
3s,5,0.0
J1,5,0.0
SR,5,0.0
Please,5,0.0
mg,5,0.0
G9,5,0.0
dal,5,0.0
oo,5,0.0
kulf,5,0.0
ql,5,0.0
SRc,5,0.0
SUTV,5,0.0
Day2,5,0.0
ko,5,0.0
gw,5,0.0
Pet,5,0.0
gd,5,0.0
P9,5,0.0
7x,5,0.0
usma,5,0.0
i4,5,0.0
IZ,5,0.0
P2014,5,0.0
a5Y9,5,0.0
mpz15,5,0.0
king,5,0.0
WLPS42,5,0.0
old,5,0.0
bang,5,0.0
BB,5,0.0
0008,5,0.0
Az,5,0.0
WA,5,0.0
meh,5,0.0
sW,5,0.0
P5,5,0.0
Flick T,5,0.0
Febr,5,0.0
Park,5,0.0
Bv,5,0.0
J6,5,0.0
NN,5,0.0
Shra,5,0.0
sc,5,0.0
8513,5,0.0
offi,5,0.0
STMT,5,0.0
BN,5,0.0
Bn,5,0.0
Sama,5,0.0
IN,5,0.0
VE,5,0.0
vs,5,0.0
mX,5,0.0
SR65,5,0.0
Bhai,5,0.0
f3,5,0.0
UN,5,0.0
Bhan,5,0.0
air,5,0.0
SR62,5,0.0
a6b,5,0.0
fro,5,0.0
icec,5,0.0
Vada,5,0.0
colo,5,0.0
P2078,5,0.0
MM5,5,0.0
D5,5,0.0
gdhd,5,0.0
scho,5,0.0
SR94,5,0.0
5W,5,0.0
Invoic,5,0.0
1w,5,0.0
GENQR,5,0.0
fs,5,0.0
Parl,5,0.0
yx,5,0.0
two,5,0.0
p6,5,0.0
chan,5,0.0
2i,5,0.0
ke,5,0.0
IC,5,0.0
8a,5,0.0
sanj,5,0.0
Ear,5,0.0
e5,5,0.0
GS,5,0.0
7y,5,0.0
Wife,5,0.0
UP2,5,0.0
vais,5,0.0
im,5,0.0
3y,5,0.0
Bar,5,0.0
Expe,5,0.0
PAYT,5,0.0
5I,5,0.0
Jitu,5,0.0
PS,5,0.0
Vc,5,0.0
Door,5,0.0
WK,5,0.0
prac,5,0.0
S3,5,0.0
oN,5,0.0
full,5,0.0
Qc,5,0.0
marc,5,0.0
02,5,0.0
Nare,5,0.0
Emand,5,0.0
ghee,5,0.0
4J,5,0.0
a9c9,5,0.0
MP,5,0.0
Do not mo,4,0.0
Pay to Bh,4,0.0
b0516znax,4,0.0
P20382,4,0.0
Asho,4,0.0
Oidzee51,4,0.0
gF,4,0.0
bhai,4,0.0
5J,4,0.0
E8,4,0.0
SR95,4,0.0
2r,4,0.0
ruM3,4,0.0
Dcm,4,0.0
400,4,0.0
J8,4,0.0
3z,4,0.0
Ix,4,0.0
MPZ14,4,0.0
1r,4,0.0
foo,4,0.0
jN,4,0.0
9J,4,0.0
Acti,4,0.0
Bila,4,0.0
LH,4,0.0
UPIPaym,4,0.0
Par,4,0.0
Azhe,4,0.0
P2034,4,0.0
1313,4,0.0
Asm,4,0.0
Kharc,4,0.0
AMC,4,0.0
App,4,0.0
iv,4,0.0
KC,4,0.0
VX,4,0.0
kris,4,0.0
akha,4,0.0
Sos,4,0.0
du,4,0.0
6y,4,0.0
Scho,4,0.0
xf,4,0.0
rn,4,0.0
789,4,0.0
AMIT,4,0.0
Sent fro,4,0.0
Muth,4,0.0
SR36,4,0.0
Pars,4,0.0
T0,4,0.0
baja,4,0.0
Birt,4,0.0
vN,4,0.0
SIGN VER,4,0.0
SRf5,4,0.0
Chin,4,0.0
Belt,4,0.0
Fk,4,0.0
X0,4,0.0
o5,4,0.0
Savi,4,0.0
yv,4,0.0
ee,4,0.0
fan,4,0.0
Kart,4,0.0
aksh,4,0.0
P2037,4,0.0
Bk,4,0.0
2A,4,0.0
u6,4,0.0
Kar,4,0.0
CE,4,0.0
3o,4,0.0
P2029,4,0.0
7O,4,0.0
Scof,4,0.0
lodi,4,0.0
Trad,4,0.0
rah,4,0.0
ec,4,0.0
hand,4,0.0
u0,4,0.0
Anna,4,0.0
B5,4,0.0
TN,4,0.0
mahe,4,0.0
P2032,4,0.0
IU,4,0.0
Gaur,4,0.0
nul,4,0.0
4o,4,0.0
gk,4,0.0
fees,4,0.0
gift,4,0.0
Fed,4,0.0
SRe0,4,0.0
MU,4,0.0
ravi,4,0.0
patd,4,0.0
3w,4,0.0
SAMR,4,0.0
Venue,4,0.0
4aso,4,0.0
hX,4,0.0
2l,4,0.0
If,4,0.0
lX,4,0.0
P2042,4,0.0
Soum,4,0.0
hp l,4,0.0
GN,4,0.0
HN,4,0.0
2L,4,0.0
Flat,4,0.0
uc,4,0.0
Fami,4,0.0
TE,4,0.0
JF,4,0.0
h8,4,0.0
ts,4,0.0
chec,4,0.0
Shan,4,0.0
WLTF,4,0.0
Lv,4,0.0
P2031,4,0.0
FS0 Pa,4,0.0
San,4,0.0
Hoo,4,0.0
On,4,0.0
DN,4,0.0
bika,4,0.0
rc,4,0.0
Dece,4,0.0
PE,4,0.0
LV,4,0.0
Gv,4,0.0
Chap,4,0.0
Hv,4,0.0
2t,4,0.0
AF,4,0.0
Jf,4,0.0
wK,4,0.0
Wi,4,0.0
uO,4,0.0
Tq,4,0.0
AR,4,0.0
Er,4,0.0
Focc,4,0.0
Ya,4,0.0
Light bi,4,0.0
u7,4,0.0
Meal,4,0.0
P2071,4,0.0
wg,4,0.0
xg,4,0.0
rash,4,0.0
gl,4,0.0
LPG,4,0.0
briy,4,0.0
g4,4,0.0
Yy,4,0.0
fff,4,0.0
Ej,4,0.0
Apr,4,0.0
kT,4,0.0
2k,4,0.0
9K,4,0.0
Ia,4,0.0
1s,4,0.0
TI22,4,0.0
Babu,4,0.0
7C,4,0.0
sang,4,0.0
Test,4,0.0
Hema,4,0.0
qD,4,0.0
Pz,4,0.0
5000,4,0.0
P2072,4,0.0
xt,4,0.0
jw,4,0.0
SR55,4,0.0
cG,4,0.0
mO,4,0.0
15k,4,0.0
ew,4,0.0
LQ,4,0.0
nari,4,0.0
P198,4,0.0
papu,4,0.0
Shi,4,0.0
Ag,4,0.0
curd,4,0.0
cA,4,0.0
staf,4,0.0
SRc21c7,4,0.0
xj,4,0.0
sofa,4,0.0
4th,4,0.0
Sara,4,0.0
QL,4,0.0
Pav,4,0.0
Nish,4,0.0
AG,4,0.0
isr,4,0.0
ixh,4,0.0
3e,4,0.0
Bick,4,0.0
Bil,4,0.0
Curt,4,0.0
8th,4,0.0
H7,4,0.0
000B,4,0.0
sr,4,0.0
Y4,4,0.0
ggdd,4,0.0
pain,4,0.0
7e,4,0.0
stee,4,0.0
xr,4,0.0
vz,4,0.0
yes,4,0.0
wr,4,0.0
Abhi,4,0.0
audi,4,0.0
Arun,4,0.0
aZ,4,0.0
CT203,4,0.0
UG,4,0.0
Raju,4,0.0
Deep,4,0.0
lJ,4,0.0
yi,4,0.0
Sw,4,0.0
Chit,4,0.0
mutt,4,0.0
rap,4,0.0
adju,4,0.0
This,4,0.0
saga,4,0.0
Bake,4,0.0
BT,4,0.0
uI,4,0.0
Shru,4,0.0
COK,4,0.0
Bhar,4,0.0
rq,4,0.0
Xo,4,0.0
5099,4,0.0
oj,4,0.0
Ld,4,0.0
mZ,4,0.0
ash,4,0.0
Cd,4,0.0
shil,4,0.0
ry,4,0.0
qa,4,0.0
chitti,4,0.0
9138,4,0.0
Hl,4,0.0
SR18,4,0.0
1v,4,0.0
cham,4,0.0
wq,4,0.0
Ube,4,0.0
rY,4,0.0
DT,4,0.0
Barn,4,0.0
jipe,4,0.0
6v,4,0.0
focc,4,0.0
O4,4,0.0
y9,4,0.0
9v,4,0.0
chen,4,0.0
1n,4,0.0
Bomm,4,0.0
U7,4,0.0
Z7,4,0.0
pq,4,0.0
zY,4,0.0
X4,4,0.0
rr,4,0.0
ret,4,0.0
6th,4,0.0
oi,4,0.0
agai,4,0.0
CG,4,0.0
Hg,4,0.0
2e,4,0.0
Jw,4,0.0
I7,4,0.0
wz,4,0.0
vr,4,0.0
hq,4,0.0
JW,4,0.0
tb,4,0.0
Bhis,4,0.0
IO,4,0.0
Sl,4,0.0
7m,4,0.0
GG,4,0.0
Pt,4,0.0
xz,4,0.0
Sang,4,0.0
Annual,4,0.0
gi,4,0.0
Enjo,4,0.0
tiy,4,0.0
qR,4,0.0
A7,4,0.0
Bw,4,0.0
Ao,4,0.0
JO,4,0.0
july,4,0.0
pape,4,0.0
Chac,4,0.0
Nbq,4,0.0
uR,4,0.0
Oidzee5d,4,0.0
ny,4,0.0
5th,4,0.0
pz,4,0.0
lapt,4,0.0
Ligh,4,0.0
fg,4,0.0
ZB,4,0.0
Biry,4,0.0
bil,4,0.0
IQ,4,0.0
Flig,4,0.0
SR6a,4,0.0
Coff,4,0.0
Xr,4,0.0
MQ,4,0.0
PJ,4,0.0
5C,4,0.0
P2038,4,0.0
PR,4,0.0
lw,4,0.0
LA,4,0.0
178,4,0.0
Curr,4,0.0
shya,4,0.0
Jq,4,0.0
AQ,4,0.0
cg5,4,0.0
hw,4,0.0
cW,4,0.0
B1,4,0.0
JQ,4,0.0
KY,4,0.0
9c,4,0.0
pav,4,0.0
ZZ,4,0.0
DY,4,0.0
CUB01407,4,0.0
Raj,4,0.0
gst,4,0.0
xo,4,0.0
P2020,4,0.0
Sary,4,0.0
tw,4,0.0
Raje,4,0.0
Cr,4,0.0
Aaj,4,0.0
HR,4,0.0
Bz,4,0.0
Penny,4,0.0
Paw,4,0.0
P2048,4,0.0
My H,4,0.0
AB,4,0.0
9P,4,0.0
2p,4,0.0
T9,4,0.0
0007,4,0.0
dab,4,0.0
Pedi,4,0.0
Bha,4,0.0
SR97,4,0.0
Ib,4,0.0
0X,4,0.0
C2,4,0.0
t7,4,0.0
this,4,0.0
GJ,4,0.0
1782,4,0.0
pur,4,0.0
xw,4,0.0
7t,4,0.0
f8,4,0.0
EN,4,0.0
xc,4,0.0
DF,4,0.0
acti,4,0.0
P2013,4,0.0
h0,4,0.0
kp,4,0.0
v3,4,0.0
book,4,0.0
Iv,4,0.0
Rajn,4,0.0
chip,4,0.0
dail,4,0.0
gH,4,0.0
Xylo,4,0.0
MOCS,4,0.0
qs,4,0.0
Clea,4,0.0
nx,4,0.0
Gf,4,0.0
Fn,4,0.0
fX,4,0.0
Core,4,0.0
X5,4,0.0
000G,4,0.0
CF,4,0.0
2d,4,0.0
Oidzee57,4,0.0
e8,4,0.0
FEDERA,4,0.0
fx,4,0.0
gp,4,0.0
Salo,4,0.0
sar,4,0.0
rhti,4,0.0
A mar,4,0.0
News,4,0.0
tiki,4,0.0
Samp,4,0.0
6w,4,0.0
ZN,4,0.0
one,4,0.0
EMID,4,0.0
dair,4,0.0
TF,4,0.0
Harr,4,0.0
disel,4,0.0
Hu,4,0.0
MMB,4,0.0
gril,4,0.0
Aksh,4,0.0
AE,4,0.0
Hai,4,0.0
tyre,4,0.0
Kits,4,0.0
savi,4,0.0
Du,4,0.0
G5,4,0.0
jK,4,0.0
birt,4,0.0
pars,4,0.0
Biss,4,0.0
e3,4,0.0
mS,4,0.0
z8,4,0.0
Lm,4,0.0
1781,4,0.0
Rn,4,0.0
sariy,4,0.0
7g,4,0.0
FE,4,0.0
gadi,4,0.0
gaur,4,0.0
Pra,4,0.0
Req,4,0.0
SAFEGOL,4,0.0
Sigr,4,0.0
SR2903f,4,0.0
wat,4,0.0
P2021,4,0.0
sV,4,0.0
hii,4,0.0
Mali,4,0.0
P20255,4,0.0
ZH,4,0.0
ge,4,0.0
Scoo,4,0.0
JC,4,0.0
KK,4,0.0
WX,4,0.0
mark,4,0.0
2akk,4,0.0
1i,4,0.0
xN,4,0.0
Ec,4,0.0
Gs,4,0.0
Mar,4,0.0
red,4,0.0
qm,4,0.0
eF,4,0.0
Tool,4,0.0
ru,4,0.0
Dx,4,0.0
1z,4,0.0
Ts,4,0.0
9B,4,0.0
rai,4,0.0
2b,4,0.0
Ih,4,0.0
IH,4,0.0
Fare,4,0.0
Ps,4,0.0
Tour,4,0.0
PaidV,4,0.0
SRae,4,0.0
unde,4,0.0
dada,4,0.0
FP,4,0.0
dv,4,0.0
g6,4,0.0
P2051,4,0.0
mumm,4,0.0
Ah,4,0.0
hn,4,0.0
burg,4,0.0
A0,4,0.0
WS,4,0.0
kv,4,0.0
Pote,4,0.0
HX,4,0.0
hell,4,0.0
4269,4,0.0
hous,4,0.0
uU,4,0.0
J0,4,0.0
3r,4,0.0
JL STAMP,4,0.0
1b,4,0.0
2005,4,0.0
movi,4,0.0
qu,4,0.0
GOLD LOAN ASSESMENT,3,0.0
STAMP PAPER,3,0.0
STOP PAYMENT,3,0.0
BALANCE CERT,3,0.0
SIG VERIFICATION,3,0.0
P201468853,3,0.0
wm,3,0.0
TC,3,0.0
CT204,3,0.0
mirc,3,0.0
VS,3,0.0
azim,3,0.0
Bx,3,0.0
IX,3,0.0
Plumb,3,0.0
ev,3,0.0
Lp,3,0.0
6r,3,0.0
O0,3,0.0
Vya,3,0.0
lF,3,0.0
ye,3,0.0
1767,3,0.0
DH,3,0.0
4B,3,0.0
6R,3,0.0
Z3,3,0.0
Gp,3,0.0
Aadh,3,0.0
Hp,3,0.0
monu,3,0.0
SR6d,3,0.0
Egg,3,0.0
1j,3,0.0
wM,3,0.0
N204320,3,0.0
0z,3,0.0
suga,3,0.0
nig,3,0.0
bat,3,0.0
H0,3,0.0
Ayus,3,0.0
Muke,3,0.0
pm,3,0.0
poli,3,0.0
SC,3,0.0
SR31,3,0.0
qe,3,0.0
PS1a,3,0.0
of,3,0.0
p5,3,0.0
Y3,3,0.0
OP,3,0.0
F8,3,0.0
Qs,3,0.0
M8,3,0.0
EX,3,0.0
EMIE,3,0.0
WLPF3,3,0.0
7b,3,0.0
XC,3,0.0
pohe,3,0.0
Ax,3,0.0
Frut,3,0.0
KP,3,0.0
bV,3,0.0
Chho,3,0.0
dai,3,0.0
dfyb,3,0.0
hm,3,0.0
SR9e,3,0.0
Dril,3,0.0
ku,3,0.0
Ms,3,0.0
Gar,3,0.0
SR7,3,0.0
Udar,3,0.0
Mont,3,0.0
SR7b,3,0.0
gm,3,0.0
69ms,3,0.0
DC,3,0.0
000F,3,0.0
Dc,3,0.0
Luck,3,0.0
xF,3,0.0
2289,3,0.0
SRc8,3,0.0
ou,3,0.0
qv,3,0.0
zV,3,0.0
Xp,3,0.0
6Y,3,0.0
0002,3,0.0
2y,3,0.0
P20285,3,0.0
J3,3,0.0
mate,3,0.0
wF,3,0.0
Kali,3,0.0
Maa,3,0.0
tF,3,0.0
9A,3,0.0
Hc,3,0.0
MK,3,0.0
om,3,0.0
dM,3,0.0
plum,3,0.0
Eggs,3,0.0
Sach,3,0.0
rV,3,0.0
lU,3,0.0
dm,3,0.0
scb,3,0.0
Mk,3,0.0
SR39,3,0.0
parc,3,0.0
WH,3,0.0
je,3,0.0
Inv,3,0.0
FST7,3,0.0
B3,3,0.0
Colo,3,0.0
Aidi,3,0.0
Tv,3,0.0
BM,3,0.0
8u2fsj,3,0.0
Shee,3,0.0
SRa3,3,0.0
eC,3,0.0
X6,3,0.0
soda,3,0.0
q0,3,0.0
rp,3,0.0
Dhan,3,0.0
yp,3,0.0
mar,3,0.0
S1A,3,0.0
cheta,3,0.0
kk,3,0.0
jTYK,3,0.0
wx,3,0.0
t8,3,0.0
k3,3,0.0
Can,3,0.0
Pane,3,0.0
hk,3,0.0
1G,3,0.0
v0,3,0.0
Ras,3,0.0
KA40,3,0.0
150,3,0.0
nar,3,0.0
FU,3,0.0
cro,3,0.0
Tiru,3,0.0
mC,3,0.0
0038,3,0.0
lK,3,0.0
yh,3,0.0
Happ,3,0.0
Zf,3,0.0
fC,3,0.0
Reti,3,0.0
secu,3,0.0
MPLPI,3,0.0
Ladi,3,0.0
Ghan,3,0.0
Wv,3,0.0
iP,3,0.0
1700,3,0.0
SR47,3,0.0
Uu,3,0.0
jH,3,0.0
Vm,3,0.0
good,3,0.0
Serv,3,0.0
No rem,3,0.0
Xe,3,0.0
7D,3,0.0
MF,3,0.0
Suni,3,0.0
Flex,3,0.0
dev,3,0.0
chikk,3,0.0
Repay,3,0.0
lx,3,0.0
mp,3,0.0
5T,3,0.0
sir,3,0.0
fp,3,0.0
mP,3,0.0
zc,3,0.0
YM,3,0.0
6l,3,0.0
Rm,3,0.0
Ln,3,0.0
Cn,3,0.0
Jcb,3,0.0
P2076,3,0.0
3D,3,0.0
Bf,3,0.0
C6,3,0.0
Sate,3,0.0
sour,3,0.0
f4te,3,0.0
VPY00,3,0.0
dudu,3,0.0
Af,3,0.0
bH,3,0.0
UM,3,0.0
1L,3,0.0
i0,3,0.0
jp,3,0.0
idly,3,0.0
Cv,3,0.0
ep,3,0.0
x3,3,0.0
f0,3,0.0
Ru,3,0.0
O6,3,0.0
Mobi,3,0.0
fh,3,0.0
RU,3,0.0
6T,3,0.0
Prod,3,0.0
Meer,3,0.0
phoo,3,0.0
vino,3,0.0
P20662,3,0.0
Ij,3,0.0
Pho,3,0.0
3h,3,0.0
P178,3,0.0
SR00,3,0.0
rw,3,0.0
nd,3,0.0
LB,3,0.0
Gb,3,0.0
Lb,3,0.0
pG,3,0.0
gt,3,0.0
M2,3,0.0
pick,3,0.0
P2045,3,0.0
Mam,3,0.0
ht,3,0.0
vw,3,0.0
HB,3,0.0
tg,3,0.0
Mus,3,0.0
kl,3,0.0
path,3,0.0
IJ,3,0.0
0025,3,0.0
Flow,3,0.0
HZ,3,0.0
vi rec,3,0.0
wifi,3,0.0
CHS,3,0.0
ALM,3,0.0
Ob,3,0.0
DB,3,0.0
605,3,0.0
ruba,3,0.0
prof,3,0.0
7p,3,0.0
Advan,3,0.0
Sq,3,0.0
Mr,3,0.0
G17810,3,0.0
6X,3,0.0
LZ,3,0.0
Gz,3,0.0
dT,3,0.0
SRe3,3,0.0
l4,3,0.0
Sani,3,0.0
tiff,3,0.0
7P,3,0.0
sg,3,0.0
Exam,3,0.0
Jj,3,0.0
J2,3,0.0
BR,3,0.0
July,3,0.0
8C,3,0.0
uD,3,0.0
V2,3,0.0
ABNRJ020,3,0.0
4wy2zk,3,0.0
ynC9,3,0.0
SR5b,3,0.0
mw,3,0.0
p4,3,0.0
QR,3,0.0
Zr,3,0.0
MA,3,0.0
og,3,0.0
Shoe,3,0.0
Ale,3,0.0
Pati,3,0.0
LI,3,0.0
SR5,3,0.0
oG,3,0.0
Sb,3,0.0
fgd,3,0.0
Ami,3,0.0
310,3,0.0
Lun,3,0.0
DQ,3,0.0
ZR,3,0.0
mW,3,0.0
UR,3,0.0
jo,3,0.0
c1ha,3,0.0
tl,3,0.0
P2046,3,0.0
Hitachi,3,0.0
WZ,3,0.0
Trav,3,0.0
VR,3,0.0
TB,3,0.0
JA,3,0.0
hg,3,0.0
Naga,3,0.0
Lic,3,0.0
ZJ,3,0.0
DI,3,0.0
Amma,3,0.0
bik,3,0.0
venu,3,0.0
cre,3,0.0
O1,3,0.0
XZ,3,0.0
barf,3,0.0
Sana,3,0.0
6S,3,0.0
Gq,3,0.0
m7,3,0.0
Prav,3,0.0
tile,3,0.0
sl,3,0.0
4C,3,0.0
wL,3,0.0
J9,3,0.0
Iy,3,0.0
2s,3,0.0
K1,3,0.0
Till,3,0.0
P20448,3,0.0
affjpw,3,0.0
Jeva,3,0.0
Kurt,3,0.0
RNT,3,0.0
JG,3,0.0
lock,3,0.0
Kaml,3,0.0
6u,3,0.0
qz,3,0.0
mess,3,0.0
RT,3,0.0
Whit,3,0.0
yB,3,0.0
rb,3,0.0
SR88,3,0.0
PD,3,0.0
SRf1,3,0.0
sj,3,0.0
hald,3,0.0
tR,3,0.0
AGAM,3,0.0
COE,3,0.0
Wd,3,0.0
uB,3,0.0
Kari,3,0.0
0006,3,0.0
Mehe,3,0.0
Cold,3,0.0
came,3,0.0
7661,3,0.0
Kw,3,0.0
Trans,3,0.0
n1,3,0.0
Xd,3,0.0
Para,3,0.0
SD,3,0.0
oa,3,0.0
4006,3,0.0
zb,3,0.0
DW,3,0.0
unlo,3,0.0
t2,3,0.0
iq,3,0.0
Appa,3,0.0
ty,3,0.0
3V,3,0.0
bB,3,0.0
KD,3,0.0
WLTS4,3,0.0
P20705,3,0.0
Day3,3,0.0
Swif,3,0.0
Xw,3,0.0
P20513,3,0.0
nz,3,0.0
Lab,3,0.0
shivra,3,0.0
Azha,3,0.0
0n,3,0.0
kR,3,0.0
dd8y,3,0.0
J4,3,0.0
It,3,0.0
Wo,3,0.0
irec,3,0.0
ric,3,0.0
jB,3,0.0
534,3,0.0
rtrn,3,0.0
Tw,3,0.0
I4,3,0.0
JAC,3,0.0
Mixe,3,0.0
wY,3,0.0
Abha,3,0.0
sy,3,0.0
xY,3,0.0
amaz,3,0.0
fZ,3,0.0
nb,3,0.0
Yg,3,0.0
6F,3,0.0
WLPS45,3,0.0
SRbb,3,0.0
nB,3,0.0
FL,3,0.0
moto,3,0.0
TW,3,0.0
000J,3,0.0
Vish,3,0.0
SRc4,3,0.0
fsgd,3,0.0
P20314,3,0.0
2F,3,0.0
Sil,3,0.0
fR,3,0.0
rasa,3,0.0
tI,3,0.0
digi,3,0.0
CL,3,0.0
9N,3,0.0
3f,3,0.0
Aara,3,0.0
Lemo,3,0.0
vY,3,0.0
TMU k,3,0.0
Ghar,3,0.0
SR4b,3,0.0
VO,3,0.0
HL,3,0.0
aJ,3,0.0
7f,3,0.0
FD,3,0.0
SR54,3,0.0
Qw,3,0.0
xi,3,0.0
Qo,3,0.0
ya,3,0.0
Khar,3,0.0
kz,3,0.0
jr,3,0.0
tq,3,0.0
JD,3,0.0
cB,3,0.0
hb,3,0.0
SRdc,3,0.0
Jd,3,0.0
Path,3,0.0
mus,3,0.0
GEN,3,0.0
Vw,3,0.0
2500,3,0.0
Pre,3,0.0
6V,3,0.0
icre,3,0.0
gsh,3,0.0
Dl,3,0.0
lice,3,0.0
OL,3,0.0
lb,3,0.0
yR,3,0.0
o1,3,0.0
Trai,3,0.0
Upma,3,0.0
SRdd,3,0.0
pb,3,0.0
Mur,3,0.0
3m,3,0.0
naga,3,0.0
masa,3,0.0
dhdh,3,0.0
vR,3,0.0
Shar,3,0.0
thum,3,0.0
j9,3,0.0
k1,3,0.0
HG,3,0.0
3M,3,0.0
qJ,3,0.0
P20225,3,0.0
ea,3,0.0
Slip,3,0.0
S4,3,0.0
Drop,3,0.0
e9,3,0.0
N943580,3,0.0
dad,3,0.0
yj,3,0.0
Ring,3,0.0
7u,3,0.0
oQ,3,0.0
babu,3,0.0
WT,3,0.0
IW,3,0.0
ur,3,0.0
aY,3,0.0
Kish,3,0.0
1E,3,0.0
ele,3,0.0
AO,3,0.0
BW,3,0.0
05,3,0.0
Nik,3,0.0
ram,3,0.0
jY,3,0.0
m9,3,0.0
Khal,3,0.0
qr,3,0.0
r2,3,0.0
Zd,3,0.0
OG,3,0.0
PL,3,0.0
EI,3,0.0
nigh,3,0.0
Snak,3,0.0
P2017,3,0.0
DA,3,0.0
ashu,3,0.0
lal,3,0.0
Mruna,3,0.0
rech,3,0.0
cold,3,0.0
3S,3,0.0
8000,3,0.0
Bq,3,0.0
v4,3,0.0
KA,3,0.0
CY,3,0.0
SR69,3,0.0
Hy,3,0.0
Iq,3,0.0
ticket,3,0.0
l7,3,0.0
E1,3,0.0
Gy,3,0.0
PayA,3,0.0
Oid268,3,0.0
upad,3,0.0
yL,3,0.0
rl,3,0.0
fish,3,0.0
OA,3,0.0
OY,3,0.0
F1,3,0.0
kaml,3,0.0
SR34,3,0.0
pd,3,0.0
b84fl,3,0.0
ifo,3,0.0
ng,3,0.0
6C,3,0.0
dies,3,0.0
2307,3,0.0
depo,3,0.0
Prsn,3,0.0
000D,3,0.0
jG,3,0.0
Oid271,3,0.0
2c,3,0.0
W2,3,0.0
Ky,3,0.0
vt,3,0.0
Swig,3,0.0
Pipe,3,0.0
BC a,3,0.0
Exch,3,0.0
SR66,3,0.0
Rice,3,0.0
E43,3,0.0
mano,3,0.0
Gol,3,0.0
yt,3,0.0
73,3,0.0
1587,3,0.0
driv,3,0.0
yg,3,0.0
EVO,3,0.0
47pa,3,0.0
P20164,3,0.0
DJ,3,0.0
Q1,3,0.0
jt,3,0.0
Nimb,3,0.0
1H,3,0.0
Powd,3,0.0
dhi,3,0.0
vish,3,0.0
Kj,3,0.0
Ui,3,0.0
vG,3,0.0
Ash,3,0.0
Iz,3,0.0
8X,3,0.0
SRb3,3,0.0
3x,3,0.0
000G5,3,0.0
7X,3,0.0
b36,3,0.0
Xy,3,0.0
LR,3,0.0
eT,3,0.0
gD,3,0.0
SR2e,3,0.0
5H,3,0.0
Dj,3,0.0
xO,3,0.0
QQ,3,0.0
nl,3,0.0
RI,3,0.0
pow,3,0.0
Shre,3,0.0
Ty,3,0.0
zak,3,0.0
HS0e,3,0.0
H2,3,0.0
Stake,3,0.0
comm,3,0.0
bT,3,0.0
000Z,3,0.0
Rema,3,0.0
fsg,3,0.0
P2053,3,0.0
pO,3,0.0
Mb,3,0.0
dhss,3,0.0
L2,3,0.0
e4,3,0.0
Dont c,3,0.0
par,3,0.0
P2027,3,0.0
part,3,0.0
yk,3,0.0
Sai,3,0.0
Ashi,3,0.0
Batt,3,0.0
cH,3,0.0
aX,3,0.0
6cs,3,0.0
3T,3,0.0
WU,3,0.0
Camp,3,0.0
firs,3,0.0
BV,3,0.0
8T,3,0.0
Kf,3,0.0
SR74,3,0.0
En,3,0.0
4L,3,0.0
Fat,3,0.0
Manj,3,0.0
qOt2,3,0.0
Vima,3,0.0
MN,3,0.0
dH,3,0.0
oh,3,0.0
n8,3,0.0
P2008,3,0.0
o0,3,0.0
Jv,3,0.0
0003,3,0.0
Akra,3,0.0
P20270,3,0.0
uk,3,0.0
C11,3,0.0
630l,3,0.0
B6,3,0.0
P2060,3,0.0
Site,3,0.0
SRfc,3,0.0
Pint,3,0.0
T024,3,0.0
z3,3,0.0
lP,3,0.0
P20538,3,0.0
pC,3,0.0
qK,3,0.0
7l,3,0.0
eggs,3,0.0
Lu,3,0.0
P2010,3,0.0
DM,3,0.0
Om,3,0.0
chin,3,0.0
Ae,3,0.0
Hard,3,0.0
jS,3,0.0
Roo,3,0.0
Un,3,0.0
1o,3,0.0
Je,3,0.0
GC60,3,0.0
4G,3,0.0
Kama,3,0.0
SR2f,3,0.0
Zn,3,0.0
Gu,3,0.0
LM,3,0.0
mon,3,0.0
iiDw,3,0.0
ms,3,0.0
p0,3,0.0
xP,3,0.0
n3,3,0.0
SR6e,3,0.0
q8,3,0.0
dava,3,0.0
note,3,0.0
wP,3,0.0
MOCB,3,0.0
Plu,3,0.0
SR8,3,0.0
CM,3,0.0
9O,3,0.0
IE,3,0.0
WF,3,0.0
End c,3,0.0
Anwe,3,0.0
kuri,3,0.0
vehi,3,0.0
pare,3,0.0
R6,3,0.0
xp,3,0.0
P20629,3,0.0
rX,3,0.0
nvb,3,0.0
pH,3,0.0
phon,3,0.0
woo,3,0.0
4Y,3,0.0
2002,3,0.0
fU,3,0.0
sv,3,0.0
f578,3,0.0
Oidzee53,3,0.0
V0,3,0.0
Tx,3,0.0
flo,3,0.0
Vh,3,0.0
3a,3,0.0
TJS,3,0.0
P20417,3,0.0
Arvi,3,0.0
SR49,3,0.0
1Q,3,0.0
Anan,3,0.0
Vodafo,3,0.0
ZP,3,0.0
Qp,3,0.0
STATMNT,3,0.0
bal8,3,0.0
MUPI,3,0.0
nM,3,0.0
SRd7,3,0.0
f5,3,0.0
Rp,3,0.0
Soda,3,0.0
fm,3,0.0
DK,3,0.0
EC,3,0.0
vf,3,0.0
pytm,3,0.0
Kesh,3,0.0
prad,3,0.0
1I,3,0.0
TO1,3,0.0
CAS,3,0.0
2Q,3,0.0
Borr,3,0.0
Baba,3,0.0
09,3,0.0
SRd8,3,0.0
8Y,3,0.0
Wx,3,0.0
kadi,3,0.0
Fair,3,0.0
0a,3,0.0
Jc,3,0.0
wN,3,0.0
mm,3,0.0
gE,3,0.0
4A,3,0.0
Cour,3,0.0
m5,3,0.0
Xx,3,0.0
Fh,3,0.0
stic,3,0.0
on,3,0.0
o6,3,0.0
mobi,3,0.0
5Z,3,0.0
Abu,3,0.0
P20073,3,0.0
Jp,3,0.0
hV,3,0.0
kN,3,0.0
VC,3,0.0
3J,3,0.0
8j,3,0.0
hv,3,0.0
u5,3,0.0
TS,3,0.0
xero,3,0.0
IT320,3,0.0
coo,3,0.0
zep,3,0.0
7j,3,0.0
beer,3,0.0
O8,3,0.0
Mp,3,0.0
kis,3,0.0
qU,3,0.0
2GNi,3,0.0
EH,3,0.0
rM,3,0.0
flex,3,0.0
gane,3,0.0
Faiz,3,0.0
Acce,3,0.0
2Z,3,0.0
weld,3,0.0
8R,3,0.0
KRS,3,0.0
Hx,3,0.0
Meet,3,0.0
pooj,3,0.0
retur,3,0.0
Done,3,0.0
yM,3,0.0
PK,3,0.0
peme,3,0.0
SS,3,0.0
TOWS SIGN VERIFICATION,2,0.0
stop payment,2,0.0
Paid via N,2,0.0
FEDERAL EA,2,0.0
SGNTR VRFCTN,2,0.0
GOLD LOAN APP,2,0.0
FP to uni,2,0.0
Verified Me,2,0.0
MOBILE NO CHANGE,2,0.0
PaidViaKo,2,0.0
Simpl bil,2,0.0
Clothes p,2,0.0
OF MIN BAL,2,0.0
CHQ BOOK ISSUE,2,0.0
trfl,2,0.0
addy,2,0.0
ccv,2,0.0
SR3f,2,0.0
RSbea,2,0.0
TATA,2,0.0
Sair,2,0.0
P2073,2,0.0
2k p,2,0.0
i6,2,0.0
n1Am,2,0.0
w5,2,0.0
jv,2,0.0
aV,2,0.0
Cp,2,0.0
3Z,2,0.0
Plaz,2,0.0
A8,2,0.0
Jlfd,2,0.0
kiul,2,0.0
x5,2,0.0
pU,2,0.0
tHc4,2,0.0
d4a5,2,0.0
6100,2,0.0
DDD0,2,0.0
Q3,2,0.0
WONV,2,0.0
Cable,2,0.0
Inve,2,0.0
gf,2,0.0
0xsl,2,0.0
alco,2,0.0
Bli,2,0.0
b0k,2,0.0
fn,2,0.0
000N,2,0.0
Oh,2,0.0
yE,2,0.0
Manja,2,0.0
lf,2,0.0
keer,2,0.0
Zk,2,0.0
c5m,2,0.0
calib,2,0.0
gola,2,0.0
mn,2,0.0
uyn5,2,0.0
SR1856c,2,0.0
P2034806,2,0.0
Day8,2,0.0
7Z,2,0.0
Manju,2,0.0
salo,2,0.0
cmm,2,0.0
GM3,2,0.0
m6,2,0.0
U3,2,0.0
2100,2,0.0
ggdh,2,0.0
Vs,2,0.0
9R,2,0.0
Eti,2,0.0
maaz,2,0.0
omy,2,0.0
000B6,2,0.0
edu,2,0.0
vesn,2,0.0
zhzh,2,0.0
Rico,2,0.0
P20680,2,0.0
mane,2,0.0
Vand,2,0.0
pa8t,2,0.0
Wkd,2,0.0
Bhav,2,0.0
P20288,2,0.0
9X4B,2,0.0
Biryan,2,0.0
98CHW,2,0.0
I8,2,0.0
700,2,0.0
Jx,2,0.0
P206349,2,0.0
CHAM,2,0.0
arbsk,2,0.0
iV,2,0.0
a0on,2,0.0
wU,2,0.0
koch,2,0.0
Madh,2,0.0
Kp,2,0.0
camp,2,0.0
8B,2,0.0
0005,2,0.0
52Ng,2,0.0
Karj,2,0.0
misra,2,0.0
aq3o,2,0.0
Hh,2,0.0
Xc,2,0.0
8AL,2,0.0
My p,2,0.0
dF,2,0.0
sweetf,2,0.0
n6,2,0.0
rant,2,0.0
mat,2,0.0
Zs,2,0.0
QS,2,0.0
Dp,2,0.0
pass,2,0.0
Lach,2,0.0
4Z,2,0.0
8709,2,0.0
OkCr,2,0.0
mada,2,0.0
Op,2,0.0
tvX,2,0.0
ixhn,2,0.0
fat,2,0.0
kn07,2,0.0
sU,2,0.0
Rudr,2,0.0
0827,2,0.0
Not,2,0.0
P20338,2,0.0
Ali,2,0.0
oF,2,0.0
axsry,2,0.0
Mr n,2,0.0
ze,2,0.0
Jwkq,2,0.0
PM7p,2,0.0
PAT,2,0.0
ifta,2,0.0
3B,2,0.0
cu8x,2,0.0
WC,2,0.0
6593,2,0.0
HH,2,0.0
2J,2,0.0
6WKET,2,0.0
69mt,2,0.0
US,2,0.0
1R,2,0.0
dfhh,2,0.0
fis,2,0.0
wu,2,0.0
regi,2,0.0
SR64,2,0.0
intrest,2,0.0
TG1,2,0.0
VBgY,2,0.0
cylind,2,0.0
Zaka,2,0.0
iwb6jv,2,0.0
vegetab,2,0.0
Bs,2,0.0
china,2,0.0
v6,2,0.0
brac,2,0.0
Ba n,2,0.0
Har,2,0.0
Phys,2,0.0
Pavi,2,0.0
oU,2,0.0
subr,2,0.0
SRfb,2,0.0
P2016589,2,0.0
baar,2,0.0
CFD,2,0.0
shsh,2,0.0
Rayudu,2,0.0
dn00,2,0.0
yn,2,0.0
OoDR,2,0.0
din,2,0.0
medic,2,0.0
lm,2,0.0
1990,2,0.0
Feb2,2,0.0
qJSH,2,0.0
euW1yl,2,0.0
fE,2,0.0
000P,2,0.0
r6,2,0.0
dU,2,0.0
Fs,2,0.0
Kamg,2,0.0
shiv,2,0.0
Z8,2,0.0
parl,2,0.0
Modi,2,0.0
Packin,2,0.0
Vx,2,0.0
bhun,2,0.0
12ce,2,0.0
P20226,2,0.0
3q,2,0.0
Wp,2,0.0
biss,2,0.0
Kc,2,0.0
cb1,2,0.0
qFGfu,2,0.0
cw92,2,0.0
Jk,2,0.0
Tp,2,0.0
I3,2,0.0
Zynety,2,0.0
Js,2,0.0
zakaa,2,0.0
Radh,2,0.0
1y,2,0.0
Anra,2,0.0
Ik,2,0.0
Nico,2,0.0
3i,2,0.0
kM,2,0.0
SR75,2,0.0
Airt,2,0.0
Dair,2,0.0
SR8d,2,0.0
9wx,2,0.0
appu,2,0.0
RTO,2,0.0
shri,2,0.0
Xh,2,0.0
7I,2,0.0
qn,2,0.0
5lty,2,0.0
jWXg,2,0.0
Exce,2,0.0
Bhag,2,0.0
P20588,2,0.0
H478730,2,0.0
Y8,2,0.0
MMW2,2,0.0
NS,2,0.0
54qt2,2,0.0
Bro,2,0.0
F3,2,0.0
yV,2,0.0
rat,2,0.0
R8,2,0.0
6SS,2,0.0
Qx,2,0.0
was,2,0.0
tri,2,0.0
M3,2,0.0
4200,2,0.0
Ns,2,0.0
S0,2,0.0
qtr,2,0.0
nE,2,0.0
dep,2,0.0
oM,2,0.0
Behn,2,0.0
pola,2,0.0
zn,2,0.0
SRba,2,0.0
qN,2,0.0
kama,2,0.0
dama,2,0.0
xcQc,2,0.0
roo,2,0.0
0001K,2,0.0
plat,2,0.0
HC,2,0.0
SRc7,2,0.0
tf,2,0.0
cU,2,0.0
k5,2,0.0
000I,2,0.0
Fro,2,0.0
kalo,2,0.0
a7G,2,0.0
Asif,2,0.0
runn,2,0.0
LOADIN,2,0.0
PV69,2,0.0
SR1e,2,0.0
OnUn1,2,0.0
arbi,2,0.0
jC,2,0.0
HnK,2,0.0
scoo,2,0.0
Dec,2,0.0
Desa,2,0.0
8O,2,0.0
av m,2,0.0
kK,2,0.0
uH,2,0.0
wood,2,0.0
RR0Nl,2,0.0
yah,2,0.0
qh,2,0.0
Jai,2,0.0
nc,2,0.0
cool,2,0.0
yuvra,2,0.0
LE,2,0.0
Eu,2,0.0
ls,2,0.0
ivq,2,0.0
SR1930b,2,0.0
sx,2,0.0
wr0,2,0.0
0000Q,2,0.0
rP,2,0.0
P20497,2,0.0
6ecv,2,0.0
M5,2,0.0
Pat,2,0.0
Eidi,2,0.0
vqpv1,2,0.0
oK,2,0.0
zh,2,0.0
FM,2,0.0
7o,2,0.0
YF,2,0.0
46tr,2,0.0
Puj,2,0.0
dili,2,0.0
TID7,2,0.0
nC,2,0.0
HE,2,0.0
538,2,0.0
RAJK,2,0.0
Decor,2,0.0
uh,2,0.0
3O,2,0.0
vRiG,2,0.0
IM,2,0.0
ZJ8,2,0.0
Udr,2,0.0
zZjh,2,0.0
vp,2,0.0
expe,2,0.0
0W,2,0.0
qtar,2,0.0
Acfi,2,0.0
JM,2,0.0
dhoo,2,0.0
Bed,2,0.0
bC,2,0.0
Lapp,2,0.0
rXB,2,0.0
cesh,2,0.0
UF,2,0.0
WV,2,0.0
3W,2,0.0
Srdp,2,0.0
tx,2,0.0
Daar,2,0.0
Esp3,2,0.0
farm,2,0.0
Prak,2,0.0
Gas c,2,0.0
JIO20BR,2,0.0
Sat,2,0.0
19th,2,0.0
zp,2,0.0
Two,2,0.0
pros,2,0.0
qP,2,0.0
y0,2,0.0
P2006,2,0.0
nhZv,2,0.0
Veer,2,0.0
Kindl,2,0.0
DE,2,0.0
Oe,2,0.0
mees,2,0.0
Forb,2,0.0
Phon,2,0.0
0153,2,0.0
PTEC,2,0.0
2321,2,0.0
us ba,2,0.0
vika,2,0.0
pimpa,2,0.0
d95o,2,0.0
khed,2,0.0
rh,2,0.0
6lzh7,2,0.0
lk,2,0.0
Hii,2,0.0
2829,2,0.0
DCM,2,0.0
2col,2,0.0
Sanj,2,0.0
Tem,2,0.0
gif,2,0.0
s8,2,0.0
006,2,0.0
r0,2,0.0
os,2,0.0
l3,2,0.0
dues,2,0.0
Frie,2,0.0
E5,2,0.0
sanu,2,0.0
Wat,2,0.0
SRdf,2,0.0
T6,2,0.0
Iu,2,0.0
5ak,2,0.0
2scp,2,0.0
ctby,2,0.0
gaa,2,0.0
Yas,2,0.0
Bidi,2,0.0
hK,2,0.0
P20290,2,0.0
AM,2,0.0
P203854,2,0.0
Tn,2,0.0
Dima,2,0.0
Ice c,2,0.0
MER9,2,0.0
Fai,2,0.0
XW60g8,2,0.0
Mla,2,0.0
V5,2,0.0
b7bo,2,0.0
topi,2,0.0
Vija,2,0.0
6253,2,0.0
uNBO,2,0.0
Neer,2,0.0
secr,2,0.0
MANG,2,0.0
Mumm,2,0.0
TXNHCM,2,0.0
nh,2,0.0
SR59,2,0.0
MS m,2,0.0
pk,2,0.0
SRda,2,0.0
P20533,2,0.0
gros,2,0.0
2kg,2,0.0
65j7,2,0.0
8935,2,0.0
Bag,2,0.0
Nit,2,0.0
R5,2,0.0
Qu,2,0.0
Swam,2,0.0
FF,2,0.0
XE,2,0.0
Rep,2,0.0
Ghee,2,0.0
pras,2,0.0
2253,2,0.0
q9f,2,0.0
nH,2,0.0
Furq,2,0.0
eh,2,0.0
SR15,2,0.0
VM,2,0.0
CT201,2,0.0
shed,2,0.0
SR17e27,2,0.0
Retur,2,0.0
KV,2,0.0
iuy0m,2,0.0
hx,2,0.0
Nas,2,0.0
Rite,2,0.0
k8,2,0.0
7MUQ,2,0.0
SRd6,2,0.0
wk,2,0.0
onio,2,0.0
e4oz,2,0.0
SR56,2,0.0
536,2,0.0
ult,2,0.0
blou,2,0.0
w3,2,0.0
siva,2,0.0
Q5,2,0.0
Lat,2,0.0
Pud,2,0.0
g8,2,0.0
8fv6,2,0.0
sapo,2,0.0
Red,2,0.0
watc,2,0.0
Lodg,2,0.0
as r,2,0.0
EF,2,0.0
VRJ02,2,0.0
Al a,2,0.0
Mcb,2,0.0
yC,2,0.0
rasu,2,0.0
a8B,2,0.0
sili,2,0.0
G1776,2,0.0
9JBd,2,0.0
em3,2,0.0
5zh9,2,0.0
D6,2,0.0
lung,2,0.0
chay,2,0.0
eP,2,0.0
s3,2,0.0
INVVD,2,0.0
Inje,2,0.0
l8,2,0.0
thug,2,0.0
jeet,2,0.0
RRA,2,0.0
cook,2,0.0
kX,2,0.0
wif,2,0.0
todi,2,0.0
2003,2,0.0
wel,2,0.0
U5,2,0.0
2700,2,0.0
fare,2,0.0
tS,2,0.0
0419,2,0.0
vC,2,0.0
Vin,2,0.0
She,2,0.0
A4 s,2,0.0
tG,2,0.0
Vip,2,0.0
chak,2,0.0
CDpd,2,0.0
Des,2,0.0
Kham,2,0.0
V9,2,0.0
atta,2,0.0
I2,2,0.0
vW,2,0.0
suki,2,0.0
gutk,2,0.0
Repi,2,0.0
AS S,2,0.0
q7,2,0.0
p8A,2,0.0
o4,2,0.0
ZNqL,2,0.0
CZD4,2,0.0
QY,2,0.0
9950,2,0.0
Niku,2,0.0
7H,2,0.0
OFFI,2,0.0
Jilak,2,0.0
qo,2,0.0
SR508a4,2,0.0
Jayt,2,0.0
FJ,2,0.0
SR52,2,0.0
ixSQ,2,0.0
XI,2,0.0
S177,2,0.0
SOMN,2,0.0
chud,2,0.0
Net,2,0.0
671,2,0.0
DZ,2,0.0
BSXC,2,0.0
SRd2,2,0.0
UY,2,0.0
24201b05,2,0.0
pre,2,0.0
0P,2,0.0
AUTO,2,0.0
Cb,2,0.0
6uWA,2,0.0
jd,2,0.0
uo,2,0.0
Miral,2,0.0
T2dj,2,0.0
shor,2,0.0
CT206,2,0.0
Bj,2,0.0
P20415,2,0.0
Gann,2,0.0
choc,2,0.0
A2,2,0.0
kt,2,0.0
Jeev,2,0.0
fcg,2,0.0
P20450,2,0.0
Ruma,2,0.0
P20386,2,0.0
Gpa,2,0.0
beef,2,0.0
cL,2,0.0
biop,2,0.0
neo,2,0.0
NSph,2,0.0
sG,2,0.0
gyan,2,0.0
Rikk,2,0.0
Qa,2,0.0
ZA,2,0.0
Out,2,0.0
Ren,2,0.0
rO,2,0.0
Mohi,2,0.0
jayd,2,0.0
9M4,2,0.0
6x,2,0.0
120,2,0.0
Arsa,2,0.0
oi3,2,0.0
zw,2,0.0
Bole,2,0.0
Rox,2,0.0
Z9,2,0.0
r7,2,0.0
zW,2,0.0
MR,2,0.0
McOV,2,0.0
Ugai,2,0.0
xG,2,0.0
Petro,2,0.0
SR5e,2,0.0
AJ,2,0.0
Ua,2,0.0
MER,2,0.0
3lak,2,0.0
6249,2,0.0
T3DT,2,0.0
iP94,2,0.0
Ir,2,0.0
mom,2,0.0
Kaj,2,0.0
wil,2,0.0
SRde,2,0.0
kish,2,0.0
Nove,2,0.0
9NKd,2,0.0
kG,2,0.0
give,2,0.0
iW,2,0.0
zZju,2,0.0
irfa,2,0.0
Ur,2,0.0
Tz,2,0.0
5u5k,2,0.0
Alto,2,0.0
P20267,2,0.0
Ey,2,0.0
F9,2,0.0
246,2,0.0
85EQ,2,0.0
SRd,2,0.0
n7,2,0.0
DDC,2,0.0
6el,2,0.0
rahi,2,0.0
OQ,2,0.0
sona,2,0.0
Y2,2,0.0
Xb,2,0.0
shak,2,0.0
NPf2,2,0.0
0clk,2,0.0
zD,2,0.0
9438,2,0.0
oran,2,0.0
Yj,2,0.0
ring,2,0.0
dish,2,0.0
CPWJ,2,0.0
zd,2,0.0
UFi,2,0.0
P20331,2,0.0
Rj,2,0.0
ab t,2,0.0
MM1SR,2,0.0
gadd,2,0.0
ext,2,0.0
Repa,2,0.0
maha,2,0.0
Xpres,2,0.0
Soun,2,0.0
Dani,2,0.0
CT205,2,0.0
L1,2,0.0
Dhas,2,0.0
Mafia,2,0.0
riks,2,0.0
1S,2,0.0
Anda,2,0.0
KQ,2,0.0
j7,2,0.0
hhda,2,0.0
bW,2,0.0
Toke,2,0.0
5UI92,2,0.0
Balwan,2,0.0
arb,2,0.0
Ram,2,0.0
Orde,2,0.0
KA5,2,0.0
Ay,2,0.0
B9,2,0.0
TZ,2,0.0
HI,2,0.0
Cap,2,0.0
kapd,2,0.0
2K,2,0.0
aO,2,0.0
Pape,2,0.0
WB,2,0.0
Ride,2,0.0
SRe99a7,2,0.0
3rc0,2,0.0
7oQJ,2,0.0
Frien,2,0.0
back,2,0.0
4hm,2,0.0
w4,2,0.0
Cq,2,0.0
Babl,2,0.0
bur,2,0.0
SRd5,2,0.0
RtIx,2,0.0
bO,2,0.0
nave,2,0.0
kota,2,0.0
PaidVi,2,0.0
yEtQ,2,0.0
c7kr,2,0.0
Koth,2,0.0
jiju,2,0.0
TXN2,2,0.0
shou,2,0.0
nW,2,0.0
pT,2,0.0
Q2,2,0.0
GQ,2,0.0
VGJ00,2,0.0
Chot,2,0.0
Z2,2,0.0
kesl,2,0.0
ghev,2,0.0
SZ,2,0.0
0596,2,0.0
OI,2,0.0
QJ,2,0.0
Extr,2,0.0
P20617,2,0.0
Harsh,2,0.0
0sB,2,0.0
xL,2,0.0
yD,2,0.0
Hisa,2,0.0
AA,2,0.0
Uj,2,0.0
Kap,2,0.0
Shut,2,0.0
P203374,2,0.0
iO,2,0.0
Kredi,2,0.0
ramd,2,0.0
May2,2,0.0
Wz,2,0.0
OAV,2,0.0
Vina,2,0.0
fCbh,2,0.0
500g,2,0.0
w2,2,0.0
HW,2,0.0
vill,2,0.0
001C,2,0.0
0912,2,0.0
SRbe,2,0.0
P20082,2,0.0
h9,2,0.0
KO,2,0.0
Loc,2,0.0
1M,2,0.0
zest,2,0.0
Biri,2,0.0
iwej,2,0.0
kalk,2,0.0
bc a,2,0.0
yb,2,0.0
ouAj,2,0.0
sJ,2,0.0
SWAS,2,0.0
Mota,2,0.0
ctet,2,0.0
DO,2,0.0
ivs,2,0.0
thir,2,0.0
P20475,2,0.0
P2077,2,0.0
ReqPay,2,0.0
BPCL,2,0.0
g9,2,0.0
Raan,2,0.0
Dal,2,0.0
pR,2,0.0
Lw,2,0.0
FM T,2,0.0
Rt,2,0.0
85Bb,2,0.0
Nil,2,0.0
l9,2,0.0
Raks,2,0.0
gol,2,0.0
6U,2,0.0
6oPuf,2,0.0
ipo,2,0.0
nq,2,0.0
Syv,2,0.0
nime,2,0.0
8f4d,2,0.0
P206319,2,0.0
5M,2,0.0
Gari,2,0.0
1m,2,0.0
Ravat,2,0.0
payt,2,0.0
Sure,2,0.0
CW,2,0.0
2u,2,0.0
Vt,2,0.0
P2J,2,0.0
MM1O,2,0.0
kY,2,0.0
sorn,2,0.0
brek,2,0.0
Ig,2,0.0
0004T,2,0.0
ptBd,2,0.0
b0516zn,2,0.0
jI,2,0.0
2m,2,0.0
9M,2,0.0
Vl,2,0.0
vZ,2,0.0
hY,2,0.0
iQ,2,0.0
SRcd,2,0.0
wR,2,0.0
mq,2,0.0
p2,2,0.0
QT,2,0.0
Xmic,2,0.0
Rech,2,0.0
7th,2,0.0
o9,2,0.0
INVCU,2,0.0
198,2,0.0
LO,2,0.0
RL,2,0.0
Nigh,2,0.0
Fg,2,0.0
qb,2,0.0
P20685,2,0.0
Powe,2,0.0
cle,2,0.0
9293,2,0.0
Fish,2,0.0
Filt,2,0.0
chil,2,0.0
Mg,2,0.0
Sd,2,0.0
D RA,2,0.0
ins,2,0.0
glan,2,0.0
P206584,2,0.0
SR60,2,0.0
sR,2,0.0
631g,2,0.0
gy,2,0.0
wj2,2,0.0
cY,2,0.0
k9,2,0.0
P203565,2,0.0
Laxm,2,0.0
pso,2,0.0
priya,2,0.0
0001L,2,0.0
huss,2,0.0
6iL9,2,0.0
PAYME,2,0.0
RWB2,2,0.0
ji,2,0.0
w9,2,0.0
hall,2,0.0
gam,2,0.0
btO7,2,0.0
IT,2,0.0
BP12,2,0.0
Dg d,2,0.0
tent,2,0.0
cvtj,2,0.0
Nt2,2,0.0
Dont mo,2,0.0
SR9f,2,0.0
5eL,2,0.0
P2074,2,0.0
P20424,2,0.0
Soc,2,0.0
0N,2,0.0
ix6u,2,0.0
8QD8,2,0.0
company,2,0.0
iwq5,2,0.0
SR67,2,0.0
hj,2,0.0
waga,2,0.0
NxO,2,0.0
Dav,2,0.0
xa,2,0.0
Samu,2,0.0
Sidd,2,0.0
5XVk,2,0.0
CMN,2,0.0
poha,2,0.0
zq,2,0.0
BUSI,2,0.0
saree,2,0.0
ez,2,0.0
Manoj,2,0.0
june,2,0.0
140,2,0.0
zQ,2,0.0
qq,2,0.0
l2,2,0.0
T3CR,2,0.0
SR2c,2,0.0
Make,2,0.0
py,2,0.0
yI,2,0.0
SRcc,2,0.0
ani,2,0.0
Zg,2,0.0
Audib,2,0.0
02te,2,0.0
Exib,2,0.0
Ug,2,0.0
QgJd,2,0.0
wA,2,0.0
Agin,2,0.0
iB,2,0.0
Hing,2,0.0
0000P,2,0.0
nWaQ699,2,0.0
butt,2,0.0
Laso,2,0.0
Sabji,2,0.0
Ww,2,0.0
Iron,2,0.0
Coin,2,0.0
tA,2,0.0
Chim,2,0.0
Seat,2,0.0
7464,2,0.0
6k b,2,0.0
GLLF,2,0.0
raje,2,0.0
AT,2,0.0
vQ,2,0.0
hR,2,0.0
jun2,2,0.0
Nile,2,0.0
thre,2,0.0
p9,2,0.0
Reva,2,0.0
Rick,2,0.0
X7,2,0.0
Cycl,2,0.0
P20688,2,0.0
Bhad,2,0.0
q1,2,0.0
lr,2,0.0
8ftx,2,0.0
o2,2,0.0
6148,2,0.0
Flip,2,0.0
KgPgbo,2,0.0
Gst,2,0.0
SR91,2,0.0
Annive,2,0.0
7N,2,0.0
laho,2,0.0
MMWE,2,0.0
T3H,2,0.0
zI,2,0.0
kids,2,0.0
dump,2,0.0
Bhair,2,0.0
Rg,2,0.0
GD,2,0.0
Carith,2,0.0
rsf,2,0.0
Old,2,0.0
qI,2,0.0
Pend,2,0.0
zi,2,0.0
XO,2,0.0
Comb,2,0.0
240,2,0.0
fz,2,0.0
spla,2,0.0
rQ,2,0.0
z1,2,0.0
M4,2,0.0
srin,2,0.0
DS1,2,0.0
4500,2,0.0
u1,2,0.0
JT,2,0.0
Rapido,2,0.0
0V,2,0.0
bZ,2,0.0
8240,2,0.0
Angu,2,0.0
HD,2,0.0
P2007,2,0.0
jb,2,0.0
tip,2,0.0
1947,2,0.0
70lb,2,0.0
P2079,2,0.0
aam,2,0.0
bf8,2,0.0
Char,2,0.0
Dona,2,0.0
n2,2,0.0
Even,2,0.0
Y7,2,0.0
OT,2,0.0
Zw,2,0.0
5V,2,0.0
mina,2,0.0
G4,2,0.0
Anu,2,0.0
MD,2,0.0
sata,2,0.0
7F,2,0.0
iw9p,2,0.0
fabr,2,0.0
RO,2,0.0
coin ar,2,0.0
SR06,2,0.0
Gl,2,0.0
b7Og,2,0.0
Sath,2,0.0
kgv,2,0.0
Wwdb,2,0.0
jpr,2,0.0
Biop,2,0.0
v6Yg,2,0.0
Oid27,2,0.0
5qmi,2,0.0
NSF,2,0.0
H4,2,0.0
tsrt,2,0.0
P20215,2,0.0
t1,2,0.0
dewa,2,0.0
a4M,2,0.0
S s,2,0.0
u9,2,0.0
SReb,2,0.0
Trade,2,0.0
2N,2,0.0
cvyx,2,0.0
9603c,2,0.0
RRDdS0,2,0.0
ven,2,0.0
jj,2,0.0
sho,2,0.0
kb,2,0.0
5376,2,0.0
WG,2,0.0
P20197,2,0.0
Grap,2,0.0
nJ,2,0.0
Pota,2,0.0
i tu,2,0.0
z9,2,0.0
lZ,2,0.0
yy,2,0.0
Venk,2,0.0
20th,2,0.0
R7,2,0.0
sani,2,0.0
mR,2,0.0
fj,2,0.0
Sadr,2,0.0
Anki,2,0.0
DL,2,0.0
Sadd,2,0.0
10k,2,0.0
Mo97,2,0.0
mov,2,0.0
SR17,2,0.0
4f,2,0.0
Nd,2,0.0
ED,2,0.0
main,2,0.0
prov,2,0.0
MM9N,2,0.0
Segc,2,0.0
fa2e,2,0.0
0la,2,0.0
eXG,2,0.0
Rw,2,0.0
GT,2,0.0
RAPI,2,0.0
Lt,2,0.0
oZ,2,0.0
jay,2,0.0
Atel,2,0.0
Fasia,2,0.0
GD4l,2,0.0
SR09,2,0.0
0F,2,0.0
Chak,2,0.0
bJ,2,0.0
pwk,2,0.0
KL,2,0.0
cut,2,0.0
0f,2,0.0
psk s,2,0.0
iSC1,2,0.0
Uo,2,0.0
Bab,2,0.0
uY,2,0.0
6SZE,2,0.0
2v,2,0.0
CT,2,0.0
tQ,2,0.0
ajme,2,0.0
633b,2,0.0
fdl,2,0.0
D4,2,0.0
Ser,2,0.0
eR,2,0.0
nr,2,0.0
tunm,2,0.0
m2,2,0.0
7763,2,0.0
sun,2,0.0
L75j,2,0.0
QO,2,0.0
pad,2,0.0
fJ,2,0.0
gB,2,0.0
yA,2,0.0
Zahi,2,0.0
my,2,0.0
xZ,2,0.0
putt,2,0.0
sham,2,0.0
A987,2,0.0
Xl,2,0.0
7M,2,0.0
dI,2,0.0
qj,2,0.0
amma,2,0.0
rekh,2,0.0
9FL,2,0.0
jA,2,0.0
PrimeVi,2,0.0
67nk,2,0.0
Io,2,0.0
001BI,2,0.0
9th,2,0.0
Oid264,2,0.0
32A,2,0.0
N613,2,0.0
0600,2,0.0
Tt,2,0.0
P20165,2,0.0
IA7i,2,0.0
azku,2,0.0
ABC,2,0.0
Magg,2,0.0
ggsg,2,0.0
STAT,2,0.0
cQ,2,0.0
51i,2,0.0
Aw,2,0.0
chas,2,0.0
3783,2,0.0
LZD,2,0.0
2323,2,0.0
DARK,2,0.0
FS1798,2,0.0
zj,2,0.0
Nari,2,0.0
XL,2,0.0
bhil,2,0.0
SRaf,2,0.0
Anuj,2,0.0
Mayu,2,0.0
UDc,2,0.0
nA,2,0.0
qqtE,2,0.0
rR,2,0.0
EW,2,0.0
mY,2,0.0
suji,2,0.0
SR4e,2,0.0
Oidzee5e,2,0.0
KA01,2,0.0
P628,2,0.0
ZD,2,0.0
mango,2,0.0
Mw,2,0.0
Sona,2,0.0
Abdu,2,0.0
Masroo,2,0.0
Pppp,2,0.0
Dre,2,0.0
8uvl,2,0.0
kq,2,0.0
v2,2,0.0
MER4,2,0.0
kad,2,0.0
TL,2,0.0
MPMKB,2,0.0
wb,2,0.0
soaa,2,0.0
ivt,2,0.0
UD,2,0.0
Chau,2,0.0
Kapd,2,0.0
pande,2,0.0
Foc,2,0.0
Sheg,2,0.0
INVD,2,0.0
iA,2,0.0
Aash,2,0.0
SRa1,2,0.0
58wl,2,0.0
toke,2,0.0
Iw,2,0.0
P20481,2,0.0
SR01,2,0.0
sim,2,0.0
iph,2,0.0
Intr,2,0.0
camsp,2,0.0
3TM9,2,0.0
HBc4,2,0.0
repa,2,0.0
d ch,2,0.0
5uav,2,0.0
l1,2,0.0
dani,2,0.0
zR,2,0.0
oq,2,0.0
E7,2,0.0
amit,2,0.0
MW,2,0.0
5E,2,0.0
Nash,2,0.0
xB,2,0.0
a917sw,2,0.0
gI,2,0.0
ivb8d,2,0.0
fran,2,0.0
sav,2,0.0
bath,2,0.0
Wasi,2,0.0
mG,2,0.0
sD,2,0.0
safa,2,0.0
Qb,2,0.0
Mq,2,0.0
7000,2,0.0
Sr,2,0.0
Addu,2,0.0
000IT,2,0.0
g7,2,0.0
000K,2,0.0
dII9,2,0.0
GY,2,0.0
2308,2,0.0
ch2x,2,0.0
Came,2,0.0
P204968,2,0.0
doct,2,0.0
POP,2,0.0
wd,2,0.0
4ss9,2,0.0
scru,2,0.0
labe,2,0.0
Shir,2,0.0
r2k,2,0.0
SR90,2,0.0
wD,2,0.0
vL,2,0.0
hO,2,0.0
bran,2,0.0
Tj,2,0.0
0k,2,0.0
CT208,2,0.0
Arti,2,0.0
a6c6N3c,2,0.0
Dfg,2,0.0
Bhas,2,0.0
Sumi,2,0.0
uT,2,0.0
03,2,0.0
MOBd,2,0.0
T2,2,0.0
abhi,2,0.0
hal,2,0.0
T3X8,2,0.0
qt,2,0.0
Amar,2,0.0
Mani,2,0.0
shss,2,0.0
apne,2,0.0
RZ,2,0.0
Shr,2,0.0
Sch,2,0.0
Rati,2,0.0
heat,2,0.0
QB,2,0.0
xD,2,0.0
mop,2,0.0
Chil,2,0.0
Shik,2,0.0
Bewi,2,0.0
Veg,2,0.0
4S,2,0.0
2295,2,0.0
A12IL,2,0.0
i2e,2,0.0
q4,2,0.0
6CNh,2,0.0
Roof,2,0.0
Roop,2,0.0
Yb,2,0.0
SRb4,2,0.0
eCz,2,0.0
7K,2,0.0
Xj,2,0.0
zEAd,2,0.0
SJ,2,0.0
Salar,2,0.0
Thir,2,0.0
zL,2,0.0
Sofa,2,0.0
3k,2,0.0
shi,2,0.0
8K,2,0.0
veh,2,0.0
kO,2,0.0
SRcb,2,0.0
LIVX,2,0.0
9C,2,0.0
Curd,2,0.0
7n67,2,0.0
anvi,2,0.0
k7,2,0.0
2811,2,0.0
Surend,2,0.0
ul,2,0.0
II,2,0.0
3K,2,0.0
VB,2,0.0
2C,2,0.0
SRf8,2,0.0
Rb,2,0.0
MMXT,2,0.0
byk,2,0.0
zl,2,0.0
qL,2,0.0
Upa,2,0.0
Sj,2,0.0
gari,2,0.0
nil,2,0.0
C02603,2,0.0
5800,2,0.0
g pa,2,0.0
Peda,2,0.0
9VjG,2,0.0
RWS9,2,0.0
lW,2,0.0
Sneh,2,0.0
4688,2,0.0
Ac i,2,0.0
BWM H,2,0.0
ZI,2,0.0
jlDl,2,0.0
b6g4,2,0.0
et,2,0.0
x7,2,0.0
6p,2,0.0
YQ,2,0.0
6300,2,0.0
SR61,2,0.0
rokd,2,0.0
2P,2,0.0
a2Y,2,0.0
Suma,2,0.0
Ric,2,0.0
MnAe,2,0.0
hd,2,0.0
xhxh,2,0.0
add,2,0.0
mt2,2,0.0
wash,2,0.0
K2,2,0.0
wal,2,0.0
MMMR,2,0.0
km9,2,0.0
ck883,2,0.0
jT,2,0.0
bglz,2,0.0
H2bV,2,0.0
Wy,2,0.0
Jhum,2,0.0
000C,2,0.0
NBQ,2,0.0
ld,2,0.0
Kids,2,0.0
yG,2,0.0
Tuit,2,0.0
43fg,2,0.0
6ah,2,0.0
mt,2,0.0
B161,2,0.0
d3e8,2,0.0
jhad,2,0.0
xW,2,0.0
Ph9,2,0.0
5P,2,0.0
P20356,2,0.0
manoj,2,0.0
X9,2,0.0
waff,2,0.0
sabj,2,0.0
arju,2,0.0
eL,2,0.0
inco,2,0.0
iByeG,2,0.0
bQP,2,0.0
Gj,2,0.0
chi,2,0.0
Fb,2,0.0
P20480,2,0.0
ACH181,2,0.0
Xa,2,0.0
dafw,2,0.0
Tabl,2,0.0
6567,2,0.0
Gene,2,0.0
soc,2,0.0
Hj,2,0.0
Mann,2,0.0
AZ,2,0.0
SRf0,2,0.0
RRoC,2,0.0
Rakr,2,0.0
wW,2,0.0
BBQ,2,0.0
iT,2,0.0
wax,2,0.0
XRsi,2,0.0
1p,2,0.0
V1,2,0.0
JZ,2,0.0
Butt,2,0.0
KR,2,0.0
VR00,2,0.0
kst,2,0.0
SR22,2,0.0
pith,2,0.0
ug,2,0.0
P20669,2,0.0
Eco,2,0.0
Mr4l,2,0.0
HJ,2,0.0
jl,2,0.0
aL,2,0.0
aGrh,2,0.0
ging,2,0.0
Lj,2,0.0
Shivra,2,0.0
YSaeaai,2,0.0
MBld,2,0.0
ft,2,0.0
Mutt,2,0.0
XU,2,0.0
Mada,2,0.0
F3El,2,0.0
Durg,2,0.0
zckk,2,0.0
lala,2,0.0
5Y3,2,0.0
FST6,2,0.0
Litt,2,0.0
resh,2,0.0
Qe,2,0.0
SRc6,2,0.0
wc,2,0.0
KF,2,0.0
MPMYD,2,0.0
SR38,2,0.0
nood,2,0.0
Diese,2,0.0
vk,2,0.0
QR CO,2,0.0
Suga,2,0.0
jx,2,0.0
ABNRJ050,2,0.0
YAGk,2,0.0
Rooj,2,0.0
A6,2,0.0
N459410,2,0.0
6d2,2,0.0
d9cq,2,0.0
Mis,2,0.0
UPIS,2,0.0
jX,2,0.0
Punch,2,0.0
4vcy,2,0.0
ifup,2,0.0
manc,2,0.0
SR6b,2,0.0
Ue,2,0.0
Dine,2,0.0
vK,2,0.0
OKLd,2,0.0
Van,2,0.0
Tm,2,0.0
eme,2,0.0
AN,2,0.0
Jn,2,0.0
E ri,2,0.0
itci,2,0.0
rk,2,0.0
yK,2,0.0
4917,2,0.0
630u,2,0.0
Ze,2,0.0
hyyy,2,0.0
OF,2,0.0
P20363,2,0.0
b c,2,0.0
P20416,2,0.0
r3,2,0.0
SU,2,0.0
E6,2,0.0
7T,2,0.0
SR90337,2,0.0
tube,2,0.0
maGj,2,0.0
MpM,2,0.0
ssd,2,0.0
m8,2,0.0
P204609,2,0.0
Ye,2,0.0
Sbji,2,0.0
pali,2,0.0
psk st,2,0.0
zK,2,0.0
qk,2,0.0
3kg,2,0.0
Ev,2,0.0
NKOg,2,0.0
q3,2,0.0
gP,2,0.0
0700,2,0.0
W5,2,0.0
0t,2,0.0
misr,2,0.0
I6,2,0.0
iwe8,2,0.0
DHAR,2,0.0
SRc9,2,0.0
rechar,2,0.0
loca,2,0.0
mD4g,2,0.0
asho,2,0.0
umes,2,0.0
Wm,2,0.0
Psk,2,0.0
SWfm,2,0.0
ns7h,2,0.0
zUBd,2,0.0
SRca,2,0.0
kala,2,0.0
MKEc,2,0.0
Jewe,2,0.0
Sohe,2,0.0
wedd,2,0.0
puff,2,0.0
3L,2,0.0
wind,2,0.0
2I45,2,0.0
Cf,2,0.0
tc,2,0.0
soci,2,0.0
iwib5e,2,0.0
TU,2,0.0
CC80,2,0.0
Bell,2,0.0
sorr,2,0.0
Mell,2,0.0
Rud,2,0.0
hos,2,0.0
S5,2,0.0
EV,2,0.0
Sept,2,0.0
GF,2,0.0
YE,2,0.0
Raja,2,0.0
Gumm,2,0.0
Keer,2,0.0
PId1,2,0.0
G no,2,0.0
aaka,2,0.0
Fird,2,0.0
sach,2,0.0
P20178,2,0.0
Tomo,2,0.0
sura,2,0.0
nS,2,0.0
4YY,2,0.0
YV,2,0.0
Q6,2,0.0
Rakh,2,0.0
zZ7t,2,0.0
gc,2,0.0
Taru,2,0.0
big4,2,0.0
AA0d,2,0.0
orch,2,0.0
xh,2,0.0
ik,2,0.0
1O,2,0.0
5804,2,0.0
P1988,2,0.0
Ban,2,0.0
JE,2,0.0
hc,2,0.0
SR9c,2,0.0
Pri,2,0.0
HU,2,0.0
VV,2,0.0
ixho,2,0.0
bif,2,0.0
ux,2,0.0
Aud,2,0.0
gdg,2,0.0
pos,2,0.0
Vv,2,0.0
9W,2,0.0
U6,2,0.0
tP,2,0.0
haf,2,0.0
kart,2,0.0
Plat,2,0.0
iK,2,0.0
haft,2,0.0
SR30,2,0.0
791h,2,0.0
Spl,2,0.0
0xs,2,0.0
Zoom,2,0.0
spro,2,0.0
0004,2,0.0
Clo,2,0.0
V2H,2,0.0
Dm,2,0.0
Fan,2,0.0
Coco,2,0.0
3col,2,0.0
SRcf,2,0.0
WpPj,2,0.0
zX,2,0.0
SRaa90d,2,0.0
Yv,2,0.0
m3,2,0.0
JIO20PT,2,0.0
bhoo,2,0.0
JTZ,2,0.0
mand,2,0.0
Siji,2,0.0
Xf,2,0.0
oc,2,0.0
001FX,2,0.0
kh9v,2,0.0
2h6,2,0.0
bmBd,2,0.0
fS,2,0.0
OU,2,0.0
wafe,2,0.0
gar,2,0.0
QV,2,0.0
Zv,2,0.0
footb,2,0.0
fir,2,0.0
fvv,2,0.0
yX,2,0.0
assa,2,0.0
Cof,2,0.0
Vegetab,2,0.0
Xuv3,2,0.0
Day9,2,0.0
Week,2,0.0
SR73,2,0.0
CC88,2,0.0
Tamp,2,0.0
iS,2,0.0
V6,2,0.0
3g,2,0.0
Wf,2,0.0
C5ld,2,0.0
BE,2,0.0
IPC,2,0.0
Holi,2,0.0
Sami,2,0.0
P20377,2,0.0
cric,2,0.0
akash,2,0.0
Hm,2,0.0
2o,2,0.0
Vn,2,0.0
SUDH,2,0.0
XXBd,2,0.0
sosay,2,0.0
HM,2,0.0
kali,2,0.0
aK,2,0.0
fiid,2,0.0
muth,2,0.0
bir,2,0.0
RHdQ,2,0.0
Case,2,0.0
e635,2,0.0
is,2,0.0
AC s,2,0.0
wp,2,0.0
Deni,2,0.0
vyaj,2,0.0
ZV,2,0.0
DU,2,0.0
2xod,2,0.0
JmXj,2,0.0
sah,2,0.0
6o,2,0.0
nK,2,0.0
P20535,2,0.0
Sf,2,0.0
SR05,2,0.0
Bag4,2,0.0
tiru,2,0.0
AC MOD,2,0.0
Lift,2,0.0
Mees,2,0.0
TBT,2,0.0
dE,2,0.0
qf,2,0.0
RH,2,0.0
zhsh,2,0.0
yuvr,2,0.0
xmBm1,2,0.0
ADs,2,0.0
sada,2,0.0
SXEb,2,0.0
sat,2,0.0
F41,2,0.0
PULd,2,0.0
Prat,2,0.0
Load,2,0.0
1q,2,0.0
1200,2,0.0
W8,2,0.0
Anto,2,0.0
Tot,2,0.0
ghani,2,0.0
13hj,2,0.0
can,2,0.0
CK,2,0.0
wgh,2,0.0
kE,2,0.0
2I,2,0.0
print,2,0.0
5375,2,0.0
aM,2,0.0
7ia7,2,0.0
SRb26ea,2,0.0
Sone,2,0.0
uf,2,0.0
dew,2,0.0
TXNR,2,0.0
KS,2,0.0
SRe9,2,0.0
Sti,2,0.0
SR4a,2,0.0
trol,2,0.0
SR57,2,0.0
L3,2,0.0
R0,2,0.0
JJsd,2,0.0
Clg,2,0.0
dise,2,0.0
Ruhi,2,0.0
qF,2,0.0
Phd,2,0.0
GK,2,0.0
ivbzs,2,0.0
YH,2,0.0
jama,2,0.0
GITA,2,0.0
eu,2,0.0
nU,2,0.0
6q,2,0.0
Q0,2,0.0
Sx,2,0.0
aklc4,2,0.0
Cool,2,0.0
Atul,2,0.0
0k0,2,0.0
Ausg,2,0.0
0A,2,0.0
und,2,0.0
d87qgj,2,0.0
tatt,2,0.0
SRa,2,0.0
UH,2,0.0
AQS,2,0.0
3Y,2,0.0
STETMENT,2,0.0
y8ai,2,0.0
Rahti,2,0.0
T2G,2,0.0
5dCm,2,0.0
tl6O,2,0.0
w6,2,0.0
Ros,2,0.0
HS,2,0.0
fulk,2,0.0
Merch,2,0.0
31d,2,0.0
S8yP,2,0.0
sonu,2,0.0
anna,2,0.0
9Q,2,0.0
2200,2,0.0
Wren,2,0.0
CZHD8,2,0.0
Bul,2,0.0
vF,2,0.0
VeVc,2,0.0
t sh,2,0.0
14cu,2,0.0
0XI,2,0.0
GAS,2,0.0
QH,2,0.0
NDA,2,0.0
xs3,2,0.0
Mart,2,0.0
sn,2,0.0
Dili,2,0.0
iwsz,2,0.0
modern r,2,0.0
ABCD P,2,0.0
l9z,2,0.0
D3,2,0.0
s6,2,0.0
Raht,2,0.0
7Y,2,0.0
Bb0,2,0.0
Lwnj,2,0.0
dN,2,0.0
zM,2,0.0
88a,2,0.0
Rees,2,0.0
nf,2,0.0
Yc,2,0.0
4R,2,0.0
X3,2,0.0
TID9,2,0.0
sant,2,0.0
aawa,2,0.0
yU,2,0.0
q5,2,0.0
9wxsd,2,0.0
gV,2,0.0
kn0a4,2,0.0
marl,2,0.0
sect,2,0.0
vWKK,2,0.0
pako,2,0.0
600,2,0.0
Bach,2,0.0
netf,2,0.0
SR81e15,2,0.0
AP,2,0.0
W3,2,0.0
pate,2,0.0
sPq,2,0.0
Jse3,2,0.0
vU,2,0.0
trac,2,0.0
1005,2,0.0
kkv,2,0.0
dD5L,2,0.0
KJS,2,0.0
Wk,2,0.0
Nivas,2,0.0
reel,2,0.0
mum,2,0.0
qfJz,2,0.0
Ritu,2,0.0
E7A5,2,0.0
fast,2,0.0
Kera,2,0.0
Dra,2,0.0
KX,2,0.0
Cook,2,0.0
a9s5,2,0.0
N V,2,0.0
pct0,2,0.0
EaN,2,0.0
k6,2,0.0
vu,2,0.0
PQg4,2,0.0
0R,2,0.0
JP,2,0.0
Elur,2,0.0
M0,2,0.0
0000Z,2,0.0
MPMLE,2,0.0
Jeet,2,0.0
bt0,2,0.0
Entry,2,0.0
TO1e,2,0.0
mi v,2,0.0
Jio,2,0.0
LQ9,2,0.0
FH,2,0.0
Mh,2,0.0
P20125,2,0.0
YC,2,0.0
Rc,2,0.0
P204868,2,0.0
Gyas,2,0.0
pA0k,2,0.0
UqRl,2,0.0
UPI17,2,0.0
6z,2,0.0
SRef,2,0.0
P20568,2,0.0
Supr,2,0.0
XS,2,0.0
oV,2,0.0
6igJ,2,0.0
Meng,2,0.0
ym,2,0.0
urg,2,0.0
Shah,2,0.0
Dev,2,0.0
gn,2,0.0
JH,2,0.0
Imra,2,0.0
cN,2,0.0
2gmk,2,0.0
zipp,2,0.0
yOg4,2,0.0
Good,2,0.0
GecV,2,0.0
Fee,2,0.0
1B,2,0.0
3R,2,0.0
h6,2,0.0
B034,2,0.0
SRd0,2,0.0
TSEb,2,0.0
Wir,2,0.0
Cx,2,0.0
qjij,2,0.0
SHRE,2,0.0
lig,2,0.0
wrYg,2,0.0
kV,2,0.0
Ip,2,0.0
INV3,2,0.0
cell,2,0.0
upv,2,0.0
9AIC,2,0.0
Dzir,2,0.0
kxc3,2,0.0
Subram,2,0.0
mag,2,0.0
SRa2,2,0.0
rama,2,0.0
pcRg,2,0.0
P2039,2,0.0
udh,2,0.0
MKWk,2,0.0
WViR,2,0.0
YZdD,2,0.0
saja,2,0.0
xE,2,0.0
pan,2,0.0
Pras,2,0.0
Mah,2,0.0
LX,2,0.0
Sir,2,0.0
ov,2,0.0
myU,2,0.0
W3Ty,2,0.0
VALUATION N PROGRESS REPORT,1,0.0
BINDING OF FILES AND OTHER DOCUMENTS,1,0.0
HL TOP UP MR MANISH SHARMA,1,0.0
SIGN VERIFIACATION,1,0.0
DUPLICATE PASS BOOK,1,0.0
SIGNATURE ATTESTATION,1,0.0
Digital signature,1,0.0
SEAL AND SIGNATURE,1,0.0
SIGNATURE VIRIFICATION,1,0.0
UPFRONT FEEPROCESSING,1,0.0
WLPS44138,1,0.0
P205241599,1,0.0
WLPS43795,1,0.0
OF GOLD LOAN,1,0.0
P20758151,1,0.0
C STATEMENTS,1,0.0
P20390041,1,0.0
ATM ID S5NW,1,0.0
DUP PASS BOOK,1,0.0
P20288271,1,0.0
P20790092,1,0.0
P20172297,1,0.0
GOLD LOAN STAMP,1,0.0
ADDRESS UPDATION,1,0.0
MOBILE NUMBER,1,0.0
SIGN VERIFY,1,0.0
P20270173,1,0.0
P20150429,1,0.0
P20288711,1,0.0
Please ke,1,0.0
FP to Bas,1,0.0
and eveni,1,0.0
P20418150,1,0.0
Labour and m,1,0.0
P20428140,1,0.0
P20139446,1,0.0
SIGN VERF,1,0.0
P20566783,1,0.0
P20454227,1,0.0
P20303291,1,0.0
P20660270,1,0.0
Verified M,1,0.0
P20167132,1,0.0
P20506531,1,0.0
P20370567,1,0.0
P20201017,1,0.0
ANIL CHHATANI,1,0.0
GOLD REASSYAING,1,0.0
weightment,1,0.0
sagar and sonal,1,0.0
Dr Operative A,1,0.0
DDDnOZKZR,1,0.0
YSaeaaifh,1,0.0
Pipe Naga,1,0.0
P20356207,1,0.0
STMT EMAIL,1,0.0
ANNUAL DC,1,0.0
Net banking,1,0.0
776494dd2,1,0.0
P20562330,1,0.0
CHQ BOOK ISS,1,0.0
Paid secur,1,0.0
faltu khrc,1,0.0
P20327201,1,0.0
weighment,1,0.0
P20492100,1,0.0
water can,1,0.0
P20622556,1,0.0
GOLD ASSE,1,0.0
Shahid re,1,0.0
P20244266,1,0.0
NAME CHANGE,1,0.0
clos,1,0.0
bN,1,0.0
JVEH,1,0.0
hi1,1,0.0
Hah,1,0.0
Vado,1,0.0
Umes,1,0.0
107b,1,0.0
qZJ02,1,0.0
3JLs,1,0.0
6341,1,0.0
P2025612,1,0.0
P201284,1,0.0
UK,1,0.0
1J,1,0.0
152T,1,0.0
bs3,1,0.0
439m,1,0.0
lami,1,0.0
G1768,1,0.0
CAR LOAN,1,0.0
0B,1,0.0
JIO20C,1,0.0
a4r,1,0.0
tin,1,0.0
144e,1,0.0
Zzi4,1,0.0
13z4,1,0.0
P20435,1,0.0
jewe,1,0.0
hf,1,0.0
c1BT,1,0.0
Misr,1,0.0
001V,1,0.0
bajaj,1,0.0
P204340,1,0.0
Ibr,1,0.0
iifl,1,0.0
TCQ,1,0.0
9GC,1,0.0
T2KC,1,0.0
dc76,1,0.0
2R,1,0.0
Your,1,0.0
P202554,1,0.0
002RA,1,0.0
Glint,1,0.0
das,1,0.0
Bcnw,1,0.0
tYNu,1,0.0
Bibi,1,0.0
G17699,1,0.0
ICIC,1,0.0
Kach,1,0.0
dfcb,1,0.0
178h,1,0.0
BUHD,1,0.0
PORTE,1,0.0
Moul,1,0.0
ayRA,1,0.0
ZOKq7,1,0.0
PEQMN,1,0.0
C7U,1,0.0
NJVU,1,0.0
0zhq,1,0.0
Loca,1,0.0
AaQqAM,1,0.0
frol,1,0.0
NGAm2,1,0.0
bda,1,0.0
Yuj4,1,0.0
6b5,1,0.0
4sk1s,1,0.0
SRc0,1,0.0
Idur,1,0.0
Mx,1,0.0
yqwp,1,0.0
muti,1,0.0
CAN,1,0.0
Atya,1,0.0
CeG6,1,0.0
sKW2,1,0.0
VzER,1,0.0
B2p8,1,0.0
ef5,1,0.0
RRBD,1,0.0
9a89,1,0.0
thyr,1,0.0
AC r,1,0.0
nV,1,0.0
pard,1,0.0
Gi p,1,0.0
P205911,1,0.0
9tai,1,0.0
hawa,1,0.0
d56f,1,0.0
153Z,1,0.0
GP,1,0.0
0oqt,1,0.0
153L,1,0.0
Hod p,1,0.0
Xy1g8,1,0.0
9f8,1,0.0
2313,1,0.0
plas,1,0.0
cla,1,0.0
Eich,1,0.0
2cfs,1,0.0
180,1,0.0
P2047,1,0.0
5OA7,1,0.0
TJPS,1,0.0
ii6,1,0.0
635q,1,0.0
Govind,1,0.0
vima,1,0.0
7CF3,1,0.0
YmY,1,0.0
Bhel,1,0.0
ityq,1,0.0
c8tnu,1,0.0
xm,1,0.0
5k1d,1,0.0
z4m8,1,0.0
Rand,1,0.0
sM,1,0.0
Cost,1,0.0
SR20,1,0.0
c7mo,1,0.0
Vico,1,0.0
000X,1,0.0
Kitk,1,0.0
ZK,1,0.0
vjF,1,0.0
16ad,1,0.0
P20408,1,0.0
petty,1,0.0
MM54,1,0.0
wXzh,1,0.0
teel,1,0.0
rest o,1,0.0
bs2l,1,0.0
P2049900,1,0.0
rajw,1,0.0
4gfa,1,0.0
pin,1,0.0
pirNJ,1,0.0
E4Tk,1,0.0
6cxa,1,0.0
k616,1,0.0
a9B9,1,0.0
CDi,1,0.0
s9se,1,0.0
cNCc,1,0.0
DkRp,1,0.0
5vBU6i,1,0.0
zsDI,1,0.0
2lz8,1,0.0
Toma,1,0.0
d3C,1,0.0
Nila,1,0.0
himmat,1,0.0
P2025983,1,0.0
B3cF,1,0.0
e6d44,1,0.0
Ple8,1,0.0
QK,1,0.0
ewjC,1,0.0
P20277,1,0.0
kh9Hq,1,0.0
6cw0,1,0.0
M0VW,1,0.0
fN,1,0.0
APB,1,0.0
XvtIe,1,0.0
dcb,1,0.0
P202869,1,0.0
83N,1,0.0
xM,1,0.0
x3j4,1,0.0
P2027255,1,0.0
V m,1,0.0
CTCh,1,0.0
SR8c,1,0.0
Rodi,1,0.0
cag,1,0.0
HAN,1,0.0
MALL,1,0.0
3zw,1,0.0
TTWL,1,0.0
Esho,1,0.0
bem,1,0.0
hors,1,0.0
WN4,1,0.0
SSMNTS,1,0.0
MX,1,0.0
Fx,1,0.0
62g6,1,0.0
up t,1,0.0
OGP3w,1,0.0
Reha,1,0.0
1269,1,0.0
Nv9w,1,0.0
eKPm,1,0.0
snek,1,0.0
9jvc,1,0.0
a5df6,1,0.0
5ds6a,1,0.0
000GG,1,0.0
bsvm,1,0.0
LP,1,0.0
ab86a2,1,0.0
kr9u,1,0.0
a6c,1,0.0
iA04,1,0.0
Uxv3,1,0.0
YggI,1,0.0
Krir,1,0.0
nat,1,0.0
eV,1,0.0
Sush,1,0.0
nv,1,0.0
s5,1,0.0
fwnl,1,0.0
Soci,1,0.0
86bq,1,0.0
dbz5,1,0.0
bvbz,1,0.0
fUX,1,0.0
580,1,0.0
6NH,1,0.0
1nBJ,1,0.0
vapi,1,0.0
jV,1,0.0
Kavi,1,0.0
5pT,1,0.0
tU,1,0.0
2234,1,0.0
a2n,1,0.0
RDjf,1,0.0
b91,1,0.0
4662,1,0.0
Vjtd,1,0.0
tyNc,1,0.0
C10e,1,0.0
N6zkc,1,0.0
8Z,1,0.0
ac m,1,0.0
Tttt,1,0.0
X2K8,1,0.0
0Th9,1,0.0
b306d,1,0.0
P20194,1,0.0
Salf,1,0.0
Sywy,1,0.0
brak,1,0.0
5kt3,1,0.0
P206109,1,0.0
hhsh,1,0.0
Uk,1,0.0
Wedd,1,0.0
004B,1,0.0
Reve,1,0.0
Surf,1,0.0
325,1,0.0
emer,1,0.0
973,1,0.0
oWZ,1,0.0
iN,1,0.0
Gost,1,0.0
CLaG,1,0.0
30Fu,1,0.0
hF,1,0.0
BC k,1,0.0
jUj,1,0.0
dlwwo,1,0.0
vE,1,0.0
csYF,1,0.0
aklrpj,1,0.0
akramu,1,0.0
oeX,1,0.0
Zaki,1,0.0
t7r,1,0.0
Gowa,1,0.0
X5OL,1,0.0
RRqE,1,0.0
635qbz,1,0.0
Porter e,1,0.0
1768,1,0.0
9d98b,1,0.0
nt7m,1,0.0
clam,1,0.0
98HG,1,0.0
AX,1,0.0
000MK,1,0.0
wor,1,0.0
bada,1,0.0
JS7q,1,0.0
P207124,1,0.0
zck,1,0.0
atffz,1,0.0
Sia,1,0.0
cxpr,1,0.0
1234,1,0.0
p5w,1,0.0
1100,1,0.0
VmXc,1,0.0
V3,1,0.0
Rakesh,1,0.0
vadi,1,0.0
bvvl,1,0.0
EJu,1,0.0
21j,1,0.0
TMFQR,1,0.0
ajz,1,0.0
IJVD1,1,0.0
nages,1,0.0
Wc,1,0.0
sai,1,0.0
x3LiC,1,0.0
mZ6j,1,0.0
jN7C,1,0.0
m62,1,0.0
ASTR,1,0.0
cu2s,1,0.0
CfKl,1,0.0
yvPH,1,0.0
j483,1,0.0
kF,1,0.0
uE,1,0.0
MM5O,1,0.0
Nopx,1,0.0
Purp,1,0.0
70a,1,0.0
eML,1,0.0
AC G,1,0.0
maze,1,0.0
SLVM,1,0.0
Cours,1,0.0
diese,1,0.0
Vk,1,0.0
88f,1,0.0
daru,1,0.0
nFdA,1,0.0
HR39,1,0.0
Pest c,1,0.0
ov5,1,0.0
eN,1,0.0
P20585,1,0.0
febr,1,0.0
zENR,1,0.0
matt,1,0.0
GL STAMP,1,0.0
1HT,1,0.0
umL2,1,0.0
J5X7t6,1,0.0
frou,1,0.0
Shin,1,0.0
RRC1,1,0.0
Comi,1,0.0
9plf,1,0.0
HtH,1,0.0
karu,1,0.0
Mila,1,0.0
JCR1,1,0.0
Karan,1,0.0
4mac,1,0.0
6J,1,0.0
G1773,1,0.0
MM45,1,0.0
Raos,1,0.0
NqcD,1,0.0
piz,1,0.0
BxvO,1,0.0
2290,1,0.0
N312421,1,0.0
001Y,1,0.0
BgrO,1,0.0
syss,1,0.0
Lala,1,0.0
KEe,1,0.0
zE,1,0.0
3oLH,1,0.0
9n5em,1,0.0
1a8a,1,0.0
YNv,1,0.0
exha,1,0.0
Ng6m,1,0.0
litt,1,0.0
12To,1,0.0
DEC,1,0.0
LOAN,1,0.0
1Oso,1,0.0
mv,1,0.0
Zf9rM,1,0.0
Wph01,1,0.0
roYS,1,0.0
0gv5,1,0.0
fV,1,0.0
67yG,1,0.0
SRb1,1,0.0
5ucn,1,0.0
5chb,1,0.0
bis,1,0.0
T Sh,1,0.0
5z4u,1,0.0
KSIZ,1,0.0
34x5,1,0.0
porter,1,0.0
Gwby,1,0.0
SRJB,1,0.0
dPZ6,1,0.0
A5jQ,1,0.0
rxv,1,0.0
TT6VLL,1,0.0
5rf7,1,0.0
280,1,0.0
ZS,1,0.0
dipa,1,0.0
631r,1,0.0
fv,1,0.0
631d,1,0.0
5um07v,1,0.0
xu,1,0.0
Suri,1,0.0
Y6v,1,0.0
Rajg,1,0.0
i0ju,1,0.0
Gas st,1,0.0
1724,1,0.0
Tube,1,0.0
71K,1,0.0
bgN,1,0.0
BNmz,1,0.0
c6e59,1,0.0
NpW4,1,0.0
owh,1,0.0
KRUNAL,1,0.0
NBEC,1,0.0
brww8u,1,0.0
a20d,1,0.0
9Cmy,1,0.0
5qz9,1,0.0
P1998,1,0.0
BE6y,1,0.0
e ri,1,0.0
Refi,1,0.0
cke,1,0.0
MPMMC,1,0.0
waya,1,0.0
Lh,1,0.0
tSHy,1,0.0
Sali,1,0.0
zOos,1,0.0
parki,1,0.0
nN,1,0.0
inc,1,0.0
aRH,1,0.0
bvr8,1,0.0
HZHd,1,0.0
P202308,1,0.0
5m37,1,0.0
MMHR,1,0.0
qE,1,0.0
127v,1,0.0
crhar0,1,0.0
f7eJIA,1,0.0
xPvb,1,0.0
Abid,1,0.0
4WW,1,0.0
YSE,1,0.0
OMb,1,0.0
Uncl,1,0.0
iaamv,1,0.0
P20364,1,0.0
6858,1,0.0
Xerox,1,0.0
Krik,1,0.0
P20305,1,0.0
5qesec,1,0.0
99ll,1,0.0
Halw,1,0.0
MM09,1,0.0
RWB1,1,0.0
f7zc,1,0.0
iuj,1,0.0
bo0e,1,0.0
SPNRL,1,0.0
B bl,1,0.0
b69g,1,0.0
di0z,1,0.0
aThj,1,0.0
BFj4,1,0.0
fist,1,0.0
atba,1,0.0
5q5s,1,0.0
agsk,1,0.0
8m1,1,0.0
WL1,1,0.0
river,1,0.0
jn,1,0.0
Audible,1,0.0
Dail,1,0.0
10ba,1,0.0
van,1,0.0
tm,1,0.0
Swit,1,0.0
Noeo,1,0.0
ah4s,1,0.0
Torr,1,0.0
Chanda,1,0.0
berg,1,0.0
q5dA,1,0.0
v3mY,1,0.0
lAs,1,0.0
14no,1,0.0
2hf,1,0.0
SR84,1,0.0
LFmV,1,0.0
0Z,1,0.0
5ay,1,0.0
jell,1,0.0
bxlt,1,0.0
6a972,1,0.0
C0,1,0.0
P2066469,1,0.0
dmm,1,0.0
lQF,1,0.0
dri,1,0.0
Swi,1,0.0
Aman,1,0.0
rajn,1,0.0
j6,1,0.0
Bg8e,1,0.0
NXUn,1,0.0
5504d,1,0.0
7RX2,1,0.0
t5,1,0.0
0008W,1,0.0
ISAM,1,0.0
x4dL,1,0.0
csaf,1,0.0
wais,1,0.0
XkR1,1,0.0
c4jy,1,0.0
1A,1,0.0
Tala,1,0.0
OB5h,1,0.0
27x,1,0.0
0I,1,0.0
fdYn,1,0.0
hija,1,0.0
C35,1,0.0
10ch,1,0.0
Z75n,1,0.0
1314,1,0.0
J0pj,1,0.0
vn,1,0.0
TTVJ,1,0.0
Band,1,0.0
Vaas,1,0.0
Pankaj,1,0.0
uSAo,1,0.0
I3wm,1,0.0
CNC,1,0.0
W1qf,1,0.0
13py,1,0.0
Please k,1,0.0
Ubvw,1,0.0
ZF0S,1,0.0
RR7Ves,1,0.0
SAN,1,0.0
bmR6,1,0.0
3kr,1,0.0
6cv6,1,0.0
Servo,1,0.0
McB,1,0.0
cffg,1,0.0
NAnk,1,0.0
9297,1,0.0
tdhj,1,0.0
73f5,1,0.0
cktuz,1,0.0
bkl,1,0.0
owhs,1,0.0
z0Rg,1,0.0
P20093,1,0.0
QhYQ,1,0.0
c77,1,0.0
djs,1,0.0
Nlx0,1,0.0
B0V95,1,0.0
Jiva,1,0.0
tamp,1,0.0
3wee,1,0.0
1cf,1,0.0
b4sG,1,0.0
WP,1,0.0
Bg9l,1,0.0
halo,1,0.0
MPMJC,1,0.0
P20459,1,0.0
3Q,1,0.0
week,1,0.0
Cyli,1,0.0
plu,1,0.0
BoVJ,1,0.0
Sourdou,1,0.0
JIO20N,1,0.0
lassi,1,0.0
jTKU,1,0.0
npq,1,0.0
h5,1,0.0
YL7G,1,0.0
uv,1,0.0
nadi,1,0.0
CRED,1,0.0
yMX5,1,0.0
XP,1,0.0
7q,1,0.0
Eshg,1,0.0
IOH,1,0.0
t2AI,1,0.0
Au4j,1,0.0
g5,1,0.0
8ns,1,0.0
RREod,1,0.0
P2070,1,0.0
apaa,1,0.0
lprM,1,0.0
XQpK,1,0.0
CT207,1,0.0
aWLq,1,0.0
SHInl,1,0.0
beaut,1,0.0
VvEQ,1,0.0
yell,1,0.0
Q8,1,0.0
prim,1,0.0
130,1,0.0
gass,1,0.0
kwr5,1,0.0
jBfc,1,0.0
Tb0,1,0.0
YQ7P,1,0.0
fil7,1,0.0
boat,1,0.0
Manr,1,0.0
ihkP,1,0.0
NgK9,1,0.0
8TP,1,0.0
lM,1,0.0
vNUT,1,0.0
N ho,1,0.0
n8r9,1,0.0
rN,1,0.0
fwoUq,1,0.0
5ez,1,0.0
Oid267,1,0.0
G1780,1,0.0
Noz,1,0.0
5KG,1,0.0
jiya,1,0.0
XLn,1,0.0
rtr,1,0.0
u3fx,1,0.0
P202788,1,0.0
SR83,1,0.0
Mon,1,0.0
yN,1,0.0
rTZs,1,0.0
P204293,1,0.0
erj1,1,0.0
6NLJ,1,0.0
Almi,1,0.0
1233,1,0.0
gM,1,0.0
Bher,1,0.0
nan,1,0.0
Vyapar,1,0.0
5tks,1,0.0
DDDv,1,0.0
ddh,1,0.0
4I,1,0.0
eueu,1,0.0
xhsh,1,0.0
93u,1,0.0
Pizz,1,0.0
22y,1,0.0
Fixi,1,0.0
SWQ9,1,0.0
stam,1,0.0
SR28,1,0.0
nSl,1,0.0
XbVZ,1,0.0
IdT13,1,0.0
P20107,1,0.0
foG,1,0.0
1604,1,0.0
9981,1,0.0
vegi,1,0.0
Bqw7,1,0.0
TJOG,1,0.0
DDDL,1,0.0
nant,1,0.0
Trir,1,0.0
4kvw,1,0.0
Sri3,1,0.0
4gl,1,0.0
Q8f82,1,0.0
NAe6,1,0.0
P207674,1,0.0
mxfi1,1,0.0
7wee,1,0.0
bqi,1,0.0
mk7i,1,0.0
6454,1,0.0
chtZUM,1,0.0
Bour,1,0.0
nxKr,1,0.0
lmAa,1,0.0
Leaf,1,0.0
TLYL,1,0.0
SWA,1,0.0
Yx,1,0.0
didi,1,0.0
dor,1,0.0
bq8b,1,0.0
RX,1,0.0
Meha,1,0.0
7hI,1,0.0
o1n,1,0.0
pit,1,0.0
Bisl,1,0.0
iBOI,1,0.0
lite,1,0.0
cjyf,1,0.0
By0A1W0,1,0.0
cyhl,1,0.0
84b,1,0.0
64uw,1,0.0
9Y,1,0.0
Ttn,1,0.0
nTU3,1,0.0
TTLT,1,0.0
Pidh,1,0.0
001H,1,0.0
i5uv,1,0.0
5vpx,1,0.0
Cult,1,0.0
yIPU,1,0.0
30dq,1,0.0
3nUX,1,0.0
Vehi,1,0.0
kU,1,0.0
DN0a,1,0.0
Safe,1,0.0
foa,1,0.0
8Q,1,0.0
2594,1,0.0
fddh,1,0.0
3200,1,0.0
8xc0,1,0.0
8wee,1,0.0
MPL,1,0.0
Maea,1,0.0
B9S,1,0.0
dalv,1,0.0
zM1f,1,0.0
A183,1,0.0
niya,1,0.0
gcJ,1,0.0
1a,1,0.0
gBF,1,0.0
muje,1,0.0
4dq,1,0.0
kuld,1,0.0
1sYi,1,0.0
See,1,0.0
vl8G,1,0.0
P205019,1,0.0
Thip,1,0.0
iE,1,0.0
GNB4,1,0.0
hM,1,0.0
5yf8,1,0.0
53a,1,0.0
SRb6,1,0.0
cqsxha,1,0.0
4c0,1,0.0
tasbi,1,0.0
AK,1,0.0
8252,1,0.0
Event,1,0.0
SPPV,1,0.0
MOpp,1,0.0
0i,1,0.0
xQnI,1,0.0
G1770,1,0.0
0q,1,0.0
56or,1,0.0
W0,1,0.0
12we,1,0.0
dkk,1,0.0
hard,1,0.0
Bel,1,0.0
vV,1,0.0
Dbj8,1,0.0
Uman,1,0.0
br1,1,0.0
nCdQ,1,0.0
pawa,1,0.0
ouc,1,0.0
rajp,1,0.0
cint,1,0.0
5lzh,1,0.0
13nd,1,0.0
2nd i,1,0.0
P2068402,1,0.0
0637,1,0.0
3xrj,1,0.0
55v9S,1,0.0
CTkR,1,0.0
156s,1,0.0
Garm,1,0.0
z9dT,1,0.0
V8,1,0.0
dzod,1,0.0
Ux,1,0.0
9a174,1,0.0
teIwP,1,0.0
7638,1,0.0
BK,1,0.0
Indriv,1,0.0
O84r,1,0.0
Wh,1,0.0
BFBO,1,0.0
c8Fv,1,0.0
prit,1,0.0
TxoR,1,0.0
5uwi,1,0.0
Frei,1,0.0
A63,1,0.0
jU5,1,0.0
Abh,1,0.0
ewu,1,0.0
One,1,0.0
BxJu,1,0.0
a1ly,1,0.0
Sika,1,0.0
plc8V,1,0.0
r6cX,1,0.0
jE,1,0.0
ivym,1,0.0
2a,1,0.0
P2016031,1,0.0
srEJ,1,0.0
oDER,1,0.0
Gasu,1,0.0
afdI,1,0.0
Turn,1,0.0
lG3tF,1,0.0
4NEM,1,0.0
euVm,1,0.0
eE,1,0.0
d7f,1,0.0
Dind,1,0.0
0007C,1,0.0
926i,1,0.0
cn1p,1,0.0
SWQHC,1,0.0
Gc,1,0.0
RRq6,1,0.0
4lb,1,0.0
P20656,1,0.0
TTaH,1,0.0
6A,1,0.0
SR92,1,0.0
509,1,0.0
SP3V,1,0.0
Ruks,1,0.0
Brot,1,0.0
BWXM,1,0.0
Mapo,1,0.0
MMHZ,1,0.0
led,1,0.0
8638,1,0.0
xd3w,1,0.0
P200781,1,0.0
4g9a,1,0.0
a5V,1,0.0
FApy,1,0.0
zN,1,0.0
2XX7,1,0.0
aqib,1,0.0
Aher,1,0.0
Koi,1,0.0
vUtp,1,0.0
i7u,1,0.0
mystry,1,0.0
5108,1,0.0
dwrt,1,0.0
rrMy,1,0.0
QX,1,0.0
5Y,1,0.0
Shree,1,0.0
Zx,1,0.0
bd4yu,1,0.0
FNg01,1,0.0
Neha,1,0.0
BXfD,1,0.0
Lava,1,0.0
Hotel S,1,0.0
P20123,1,0.0
bei2m,1,0.0
WLPS4630,1,0.0
OK5,1,0.0
5h9,1,0.0
Jg8,1,0.0
4wee,1,0.0
Sura,1,0.0
P20180,1,0.0
nuta,1,0.0
dcl,1,0.0
gU,1,0.0
av8w,1,0.0
q6,1,0.0
NhaUX,1,0.0
rv,1,0.0
ZPuL,1,0.0
WLPS442,1,0.0
d8zq,1,0.0
Office,1,0.0
SR3a,1,0.0
230,1,0.0
62K,1,0.0
JCB,1,0.0
4i3l,1,0.0
palg,1,0.0
Mai tumh,1,0.0
6712M,1,0.0
SRb9,1,0.0
Rivi,1,0.0
Asga,1,0.0
tag,1,0.0
apuw,1,0.0
152E,1,0.0
oTCS,1,0.0
14z0,1,0.0
JgcS,1,0.0
z6,1,0.0
aj5n,1,0.0
b824,1,0.0
819h,1,0.0
Bi3x,1,0.0
12cj,1,0.0
P2041243,1,0.0
Ba5Z,1,0.0
3dq,1,0.0
Okkk,1,0.0
buSL,1,0.0
495,1,0.0
a8P,1,0.0
Bisler,1,0.0
GC,1,0.0
eudb,1,0.0
8on8,1,0.0
d728,1,0.0
NE9a,1,0.0
Nand,1,0.0
u1g,1,0.0
v2H,1,0.0
fg9j,1,0.0
Fv3,1,0.0
umL,1,0.0
P2052953,1,0.0
000N1,1,0.0
P20421,1,0.0
WLPF45,1,0.0
5Db,1,0.0
iiv0,1,0.0
10yo,1,0.0
rgh,1,0.0
au26YJ,1,0.0
Misc,1,0.0
gSk,1,0.0
6f6,1,0.0
ABNHR002,1,0.0
STMNT,1,0.0
P202016,1,0.0
Aand,1,0.0
679x,1,0.0
2di0,1,0.0
o3k,1,0.0
P7s,1,0.0
592,1,0.0
ashw,1,0.0
rakhi,1,0.0
LQu,1,0.0
3I,1,0.0
P204325,1,0.0
b75y,1,0.0
kosu,1,0.0
P204012,1,0.0
P199172,1,0.0
crsm,1,0.0
VFHZ,1,0.0
5jfxa,1,0.0
153g,1,0.0
u2j9,1,0.0
NQw7,1,0.0
seed,1,0.0
aE,1,0.0
Trik,1,0.0
athb,1,0.0
B3Q,1,0.0
unif,1,0.0
XGF,1,0.0
VE2Y,1,0.0
P2029242,1,0.0
55i,1,0.0
stab,1,0.0
RRmB7,1,0.0
Disel,1,0.0
SR27,1,0.0
4wai,1,0.0
mou,1,0.0
0ani,1,0.0
1h9,1,0.0
FCaU,1,0.0
JS,1,0.0
syru,1,0.0
kh9lC,1,0.0
kIWg,1,0.0
juta,1,0.0
8r00,1,0.0
cidi,1,0.0
1Y,1,0.0
UX,1,0.0
THE,1,0.0
Hava,1,0.0
13t4,1,0.0
43vx,1,0.0
gJNH,1,0.0
Kaba,1,0.0
DDDy,1,0.0
B04Q,1,0.0
P202008,1,0.0
Gz2w,1,0.0
ax00,1,0.0
aHym,1,0.0
into,1,0.0
Jage,1,0.0
cf06,1,0.0
000IJ,1,0.0
wX,1,0.0
wupV,1,0.0
Tada,1,0.0
Acha,1,0.0
GYR2,1,0.0
150A,1,0.0
wbba,1,0.0
cyzr,1,0.0
bnan,1,0.0
I5,1,0.0
000A4,1,0.0
P207583,1,0.0
KA51,1,0.0
0w,1,0.0
W6,1,0.0
4b4,1,0.0
14we,1,0.0
rfsg,1,0.0
2shl,1,0.0
gPL,1,0.0
bto3,1,0.0
Uten,1,0.0
8r3t,1,0.0
4zqb,1,0.0
Kond,1,0.0
ZDT,1,0.0
5pkg,1,0.0
con,1,0.0
maid,1,0.0
att,1,0.0
SHYA,1,0.0
5t6i,1,0.0
sudu,1,0.0
Bcc3,1,0.0
kesh,1,0.0
2g,1,0.0
Vf,1,0.0
6g3c,1,0.0
Bf86,1,0.0
KWXR,1,0.0
10t,1,0.0
bind,1,0.0
BUE,1,0.0
abjx9,1,0.0
6jq,1,0.0
Poo,1,0.0
okw,1,0.0
7q1h,1,0.0
Kan,1,0.0
Prad,1,0.0
hamal,1,0.0
N3vVx,1,0.0
P207776,1,0.0
12ax,1,0.0
0UQU,1,0.0
1206,1,0.0
L0WZhmGD,1,0.0
b5r1,1,0.0
cQvw,1,0.0
P202257,1,0.0
8848,1,0.0
8zty,1,0.0
dHS0,1,0.0
Adh,1,0.0
A4 p,1,0.0
rijv,1,0.0
delt,1,0.0
Alo,1,0.0
0641,1,0.0
1col,1,0.0
Fm,1,0.0
P205715,1,0.0
choo,1,0.0
v5D,1,0.0
Jaya,1,0.0
2e48e3,1,0.0
KMX2,1,0.0
45ba,1,0.0
YPhw,1,0.0
fYcv,1,0.0
dK,1,0.0
avpu,1,0.0
6048,1,0.0
bBo,1,0.0
books,1,0.0
Eeta,1,0.0
61l,1,0.0
rsj,1,0.0
8c9c,1,0.0
upvc,1,0.0
sadq,1,0.0
htU5,1,0.0
bvdu,1,0.0
pram,1,0.0
ful,1,0.0
desh,1,0.0
aqpL,1,0.0
RF,1,0.0
Hima,1,0.0
840q,1,0.0
PaidVia,1,0.0
ywK1,1,0.0
uhZK,1,0.0
Suku,1,0.0
d9G,1,0.0
far,1,0.0
bCvu,1,0.0
F5,1,0.0
del,1,0.0
4W,1,0.0
gS,1,0.0
61afd,1,0.0
cpmq48,1,0.0
yP,1,0.0
9ym9i4,1,0.0
Ll20,1,0.0
000DE,1,0.0
Fass,1,0.0
G17792,1,0.0
nZVh,1,0.0
i7nco,1,0.0
6evw,1,0.0
NYcJ,1,0.0
YGjC,1,0.0
Geys,1,0.0
V23R,1,0.0
950,1,0.0
ct6,1,0.0
mbV0,1,0.0
P2075,1,0.0
P204079,1,0.0
SRd1,1,0.0
lS,1,0.0
Cate,1,0.0
TTZP,1,0.0
z0,1,0.0
OHLQ,1,0.0
4islqj,1,0.0
nu60,1,0.0
sf s,1,0.0
deiv,1,0.0
84L,1,0.0
002T2,1,0.0
S6,1,0.0
kVDN,1,0.0
uFUD,1,0.0
OAdS,1,0.0
250,1,0.0
OA1WIg,1,0.0
0110,1,0.0
k46,1,0.0
Haar,1,0.0
3ze,1,0.0
3ywne,1,0.0
dudd,1,0.0
CiEJ,1,0.0
5kxy,1,0.0
V0be,1,0.0
XHXY,1,0.0
P19922,1,0.0
LXmG,1,0.0
cd1m,1,0.0
i9yq,1,0.0
GARI,1,0.0
saloo,1,0.0
weig,1,0.0
qH,1,0.0
NUc5,1,0.0
TND4,1,0.0
575,1,0.0
Mm,1,0.0
gand,1,0.0
NXW,1,0.0
Vvewr,1,0.0
XN,1,0.0
T182,1,0.0
admi,1,0.0
xhd,1,0.0
iyrm,1,0.0
XVE,1,0.0
9s8,1,0.0
NOUV,1,0.0
TID990,1,0.0
puC,1,0.0
P20341,1,0.0
5v7j,1,0.0
Garvis,1,0.0
Aai,1,0.0
jitu,1,0.0
I e,1,0.0
Rais,1,0.0
9330,1,0.0
pefw,1,0.0
0be,1,0.0
RRJv,1,0.0
pfee,1,0.0
uezq,1,0.0
gshh,1,0.0
PdW6,1,0.0
2G,1,0.0
keyc,1,0.0
Mark,1,0.0
aC,1,0.0
9cja,1,0.0
Prte,1,0.0
mgeK,1,0.0
6gw,1,0.0
leve,1,0.0
Goat,1,0.0
TXNB,1,0.0
9wbi3,1,0.0
N5cb,1,0.0
ajlw,1,0.0
rcKA,1,0.0
immu,1,0.0
000R8,1,0.0
7ryr,1,0.0
Rufh,1,0.0
4iu1,1,0.0
No01c,1,0.0
4HQx,1,0.0
DDDBv65,1,0.0
45oux,1,0.0
dnb5,1,0.0
7555M,1,0.0
GuWc,1,0.0
6lbQ,1,0.0
EGWT,1,0.0
RCP,1,0.0
a34u,1,0.0
Aage,1,0.0
AycJ,1,0.0
706,1,0.0
hs,1,0.0
E7T,1,0.0
cS,1,0.0
octn,1,0.0
Aris,1,0.0
Jj9d,1,0.0
PEK5,1,0.0
13bg,1,0.0
Goa,1,0.0
lnD,1,0.0
96fj,1,0.0
1x0a0,1,0.0
AT2eas,1,0.0
a6X3,1,0.0
nRp1jL,1,0.0
7BVl,1,0.0
VZ03,1,0.0
Chun,1,0.0
TTTW,1,0.0
TV,1,0.0
bfv,1,0.0
Qt1u,1,0.0
9GQ0q,1,0.0
keri,1,0.0
BdUd,1,0.0
GJR,1,0.0
1514,1,0.0
mjJqu,1,0.0
r6k,1,0.0
TC45,1,0.0
vh,1,0.0
arch,1,0.0
window,1,0.0
Maya,1,0.0
mPy,1,0.0
trB8,1,0.0
Jaim,1,0.0
cK,1,0.0
ACT VERI,1,0.0
Mai,1,0.0
MMQ5,1,0.0
kngv,1,0.0
Cupb,1,0.0
Phoen,1,0.0
0qaf,1,0.0
d676,1,0.0
bees,1,0.0
P207037,1,0.0
8qju2,1,0.0
Cosmo,1,0.0
Mnps,1,0.0
625lhy,1,0.0
2vl9,1,0.0
Orey,1,0.0
Cant,1,0.0
XRCR,1,0.0
PnOf,1,0.0
Kapi,1,0.0
P1999809,1,0.0
XcR7,1,0.0
toda,1,0.0
Advi,1,0.0
Tlvw,1,0.0
63v0,1,0.0
h3,1,0.0
pr a,1,0.0
151V,1,0.0
load,1,0.0
tot,1,0.0
FEB,1,0.0
w8,1,0.0
VRJ01,1,0.0
N4Yx,1,0.0
9vyv,1,0.0
ipho,1,0.0
uHgT,1,0.0
Anj,1,0.0
83n,1,0.0
cTU,1,0.0
rach,1,0.0
x6fi,1,0.0
rub,1,0.0
54K,1,0.0
Papa,1,0.0
b80q,1,0.0
NXCX,1,0.0
P200780,1,0.0
BJvZ,1,0.0
Oid272,1,0.0
OKl,1,0.0
Ubar,1,0.0
1jnh,1,0.0
Barri,1,0.0
Sadqa,1,0.0
PSb,1,0.0
vhhh,1,0.0
Ticke,1,0.0
Pmj,1,0.0
bohu,1,0.0
Robi,1,0.0
Sv,1,0.0
NHy3,1,0.0
YQ1,1,0.0
0002J,1,0.0
VbMZ,1,0.0
3b4,1,0.0
1st w,1,0.0
64we,1,0.0
ration,1,0.0
MM9K,1,0.0
g3,1,0.0
vdbh,1,0.0
WqUm,1,0.0
000HA,1,0.0
ds,1,0.0
hlg,1,0.0
oS,1,0.0
c90,1,0.0
lrI,1,0.0
P20410,1,0.0
Dx3,1,0.0
98s,1,0.0
onb,1,0.0
59GE,1,0.0
compla,1,0.0
joya,1,0.0
Suj,1,0.0
jair,1,0.0
BUvhH,1,0.0
thel,1,0.0
KVy,1,0.0
T138,1,0.0
Satt,1,0.0
o02wPb,1,0.0
JDPE,1,0.0
ZF7mT,1,0.0
f2ic,1,0.0
Med,1,0.0
588e,1,0.0
rH,1,0.0
aj7e,1,0.0
001C0,1,0.0
sila,1,0.0
WX9T,1,0.0
NO7,1,0.0
1o0o,1,0.0
nkd,1,0.0
OE,1,0.0
Gupt,1,0.0
QF,1,0.0
TXN9,1,0.0
FAEE,1,0.0
u9N,1,0.0
6ql,1,0.0
Roh,1,0.0
5m1z,1,0.0
000UR,1,0.0
Balv,1,0.0
pott,1,0.0
vKL,1,0.0
aWPK,1,0.0
ThYm,1,0.0
gK,1,0.0
Naim,1,0.0
qdOb,1,0.0
vc9v,1,0.0
Jama,1,0.0
lnTn,1,0.0
Pathe,1,0.0
Iqbal,1,0.0
P20606,1,0.0
64rg,1,0.0
P20667,1,0.0
4O,1,0.0
Hesa,1,0.0
ckw,1,0.0
zZ7vk,1,0.0
mali,1,0.0
Vyshna,1,0.0
Gan,1,0.0
ssmot38,1,0.0
barm,1,0.0
BFy,1,0.0
TPpOj,1,0.0
Ease,1,0.0
px,1,0.0
rtn,1,0.0
7903M,1,0.0
Finb,1,0.0
ppp,1,0.0
wire,1,0.0
6er,1,0.0
537r,1,0.0
patr,1,0.0
P6Dc,1,0.0
dS,1,0.0
ho g,1,0.0
Chet,1,0.0
dR1r,1,0.0
Umm,1,0.0
zP,1,0.0
Bal8,1,0.0
rVqe,1,0.0
tZr5,1,0.0
KjaV,1,0.0
donatio,1,0.0
CAq71,1,0.0
3FAG,1,0.0
NoQU,1,0.0
3BR7,1,0.0
7W,1,0.0
Xv,1,0.0
SV,1,0.0
Cou,1,0.0
P206687,1,0.0
P19892,1,0.0
zFsg,1,0.0
2837,1,0.0
Kiss,1,0.0
Bike Ser,1,0.0
Barr,1,0.0
acry,1,0.0
Ba3q,1,0.0
CNP3,1,0.0
Cc s,1,0.0
e5io,1,0.0
8W,1,0.0
dbfe,1,0.0
kNPA,1,0.0
J5,1,0.0
Apra,1,0.0
bnux,1,0.0
Interne,1,0.0
TNX20260,1,0.0
Frgt,1,0.0
U2l1a,1,0.0
jaba,1,0.0
Bwv9,1,0.0
iPho,1,0.0
a3d,1,0.0
kir,1,0.0
550,1,0.0
dgs2,1,0.0
gHSh,1,0.0
HD p,1,0.0
CSyO,1,0.0
fzo,1,0.0
Hems,1,0.0
Jass,1,0.0
Usan,1,0.0
P20252,1,0.0
gHS0,1,0.0
T3DW,1,0.0
4baw,1,0.0
okc,1,0.0
Masj,1,0.0
5k9c,1,0.0
umra,1,0.0
b8j,1,0.0
vH,1,0.0
Han,1,0.0
P200856,1,0.0
4z4,1,0.0
u1as,1,0.0
pli,1,0.0
e39a7,1,0.0
0o,1,0.0
P200741,1,0.0
07ucTZ,1,0.0
BESC,1,0.0
0hA,1,0.0
1g,1,0.0
G17749,1,0.0
5m0,1,0.0
VY2T,1,0.0
6fo,1,0.0
Rayi,1,0.0
NM9D,1,0.0
Pani t,1,0.0
G17728,1,0.0
cili,1,0.0
8dm5,1,0.0
Tshi,1,0.0
Kaja,1,0.0
fzot,1,0.0
bwejdd,1,0.0
Utam,1,0.0
57er,1,0.0
h0n1,1,0.0
d5q,1,0.0
bvHZ,1,0.0
a8p,1,0.0
P203136,1,0.0
P2016488,1,0.0
var,1,0.0
P20106,1,0.0
tel,1,0.0
Kv,1,0.0
1t,1,0.0
RR2mK,1,0.0
Jida,1,0.0
due,1,0.0
febfc,1,0.0
Kada,1,0.0
eba,1,0.0
ffff,1,0.0
SM V,1,0.0
wir,1,0.0
9nf,1,0.0
Ultr,1,0.0
Up0Zo,1,0.0
Saar,1,0.0
Hell,1,0.0
Herme,1,0.0
Gem,1,0.0
byfj,1,0.0
dhtn,1,0.0
Devk,1,0.0
vxGg,1,0.0
13rl,1,0.0
000DF,1,0.0
Maru,1,0.0
e93f,1,0.0
affi,1,0.0
RAJU,1,0.0
Burg,1,0.0
uo7r,1,0.0
JNaL,1,0.0
d2a,1,0.0
gtOm,1,0.0
O3D,1,0.0
MMJV,1,0.0
9n8k,1,0.0
Vivek,1,0.0
NMfh,1,0.0
roya,1,0.0
Cab hom,1,0.0
5o874,1,0.0
rVF7,1,0.0
WNNv,1,0.0
East,1,0.0
WEcW,1,0.0
Fine,1,0.0
rcc,1,0.0
NVKg0,1,0.0
aof4,1,0.0
uC,1,0.0
Zin,1,0.0
Nfhg,1,0.0
21b5,1,0.0
xqXO8,1,0.0
Azad,1,0.0
632x,1,0.0
LYda,1,0.0
duty,1,0.0
cevm,1,0.0
0003B,1,0.0
Ff,1,0.0
i7ij,1,0.0
Dews,1,0.0
zC,1,0.0
000II,1,0.0
493,1,0.0
5uz4,1,0.0
qc,1,0.0
5ruf,1,0.0
yfJe,1,0.0
eH,1,0.0
KZPq,1,0.0
P202992,1,0.0
Class,1,0.0
pefi,1,0.0
Money T,1,0.0
188,1,0.0
Gunw,1,0.0
8vu,1,0.0
miCE,1,0.0
Datt,1,0.0
Murg,1,0.0
Ym,1,0.0
6L,1,0.0
900r,1,0.0
SRd9,1,0.0
opd,1,0.0
trave,1,0.0
tyub,1,0.0
Bore,1,0.0
61yk,1,0.0
yPK,1,0.0
xiU4,1,0.0
Jas,1,0.0
Weldi,1,0.0
lot,1,0.0
tank,1,0.0
Khej,1,0.0
gX,1,0.0
Hem,1,0.0
P20198,1,0.0
S7G,1,0.0
o8,1,0.0
BOh5,1,0.0
TXNKP,1,0.0
P202850,1,0.0
cGNH,1,0.0
Busi,1,0.0
xS,1,0.0
cq95,1,0.0
CHIT,1,0.0
B6CY,1,0.0
Nq7dA,1,0.0
e2ca9,1,0.0
G6,1,0.0
GCW,1,0.0
Alu,1,0.0
QU,1,0.0
jZGA,1,0.0
Schoo,1,0.0
a535,1,0.0
Dv,1,0.0
OV,1,0.0
cm4,1,0.0
fitr,1,0.0
bbu,1,0.0
0006N,1,0.0
52bmg,1,0.0
TXNI1S,1,0.0
RD20,1,0.0
hau2,1,0.0
fan k,1,0.0
360,1,0.0
Arma,1,0.0
sodi,1,0.0
jagd,1,0.0
P20725,1,0.0
8e2gp,1,0.0
BcmH,1,0.0
Ov,1,0.0
Cig,1,0.0
Kksy,1,0.0
Pant,1,0.0
L6,1,0.0
SRac,1,0.0
M Si,1,0.0
Ajit,1,0.0
fuel p,1,0.0
4NkJ,1,0.0
4t19,1,0.0
SHXG,1,0.0
ank,1,0.0
0008Q,1,0.0
goda,1,0.0
64Q,1,0.0
000BN,1,0.0
4plo,1,0.0
YZ59,1,0.0
Shem,1,0.0
XXPA,1,0.0
qC,1,0.0
6477,1,0.0
SR0c,1,0.0
INVN,1,0.0
ghd,1,0.0
ramh,1,0.0
5BxX,1,0.0
6UI,1,0.0
ejvl4e,1,0.0
0iMs,1,0.0
65o5,1,0.0
6dp,1,0.0
0ce94,1,0.0
WVy,1,0.0
sbh,1,0.0
4r1csu,1,0.0
L9Wo,1,0.0
Debr,1,0.0
10ud,1,0.0
kqTF,1,0.0
6336v,1,0.0
P201874,1,0.0
daom,1,0.0
pK,1,0.0
Advn,1,0.0
4lao2,1,0.0
MMNZ,1,0.0
cyt3,1,0.0
Msan,1,0.0
T38U,1,0.0
Span,1,0.0
The,1,0.0
2167,1,0.0
9830,1,0.0
Ligt,1,0.0
cyz4,1,0.0
mPwt,1,0.0
Rama,1,0.0
Dpk,1,0.0
0016Q,1,0.0
9LcA,1,0.0
5sg,1,0.0
swad,1,0.0
vFb,1,0.0
prot,1,0.0
Udh,1,0.0
P2015501,1,0.0
aH,1,0.0
P20404,1,0.0
cjS,1,0.0
Bais,1,0.0
Desi,1,0.0
XUje,1,0.0
APl,1,0.0
vA3M,1,0.0
xU2kIz,1,0.0
444V,1,0.0
YDEg2,1,0.0
7030,1,0.0
Mutho,1,0.0
ch c,1,0.0
49yd,1,0.0
5v1j0c,1,0.0
chav,1,0.0
fc8a,1,0.0
F1tA,1,0.0
indr,1,0.0
af2k,1,0.0
Z1Rj,1,0.0
done,1,0.0
xsw,1,0.0
i8d,1,0.0
1T,1,0.0
afl,1,0.0
Weld,1,0.0
7MZ,1,0.0
Fla,1,0.0
nare,1,0.0
j0,1,0.0
RVBF,1,0.0
k246,1,0.0
bP,1,0.0
2Kv7,1,0.0
RWT,1,0.0
fd8,1,0.0
Oid266,1,0.0
t3,1,0.0
7yiq,1,0.0
9EDJ,1,0.0
58i,1,0.0
pank,1,0.0
Alam,1,0.0
P20310,1,0.0
ca f,1,0.0
aach,1,0.0
Fulc,1,0.0
stru,1,0.0
rube,1,0.0
ggs,1,0.0
Mag,1,0.0
brfb,1,0.0
gazY,1,0.0
Vipi,1,0.0
Blum,1,0.0
hRG,1,0.0
959rd7,1,0.0
beke,1,0.0
Jqji,1,0.0
mahin,1,0.0
QU3O,1,0.0
HCqA,1,0.0
UUE,1,0.0
Thop,1,0.0
48ko,1,0.0
TtPf,1,0.0
Bitt,1,0.0
HhY,1,0.0
ZVBWX,1,0.0
Selk,1,0.0
N2EJ,1,0.0
TXN3H7,1,0.0
9Vik,1,0.0
kott,1,0.0
9vdp7,1,0.0
Doka,1,0.0
7182M,1,0.0
Mum,1,0.0
rahe,1,0.0
MS0a,1,0.0
QUii,1,0.0
Baby,1,0.0
PASSBOOK,1,0.0
9a91e8b,1,0.0
ILVZ,1,0.0
nail,1,0.0
Flut,1,0.0
tand,1,0.0
AQ0Y,1,0.0
cev,1,0.0
tsye,1,0.0
11y3,1,0.0
Indor,1,0.0
jAh,1,0.0
Nag,1,0.0
Bit,1,0.0
edit,1,0.0
EM3Mwd9,1,0.0
hairs,1,0.0
ter1,1,0.0
5day,1,0.0
kcna,1,0.0
Netf,1,0.0
ggg,1,0.0
Lq6,1,0.0
P20420,1,0.0
shag,1,0.0
bach,1,0.0
f9f7e,1,0.0
9sdad,1,0.0
Sunf,1,0.0
c9ef,1,0.0
OuX,1,0.0
rink,1,0.0
frid,1,0.0
aP,1,0.0
7M8z,1,0.0
Ra8,1,0.0
430l,1,0.0
2T,1,0.0
VU,1,0.0
Cat,1,0.0
tuthi,1,0.0
Mmy,1,0.0
HV,1,0.0
nP,1,0.0
PEKF,1,0.0
mura,1,0.0
BHAR,1,0.0
Lokha,1,0.0
hanu,1,0.0
motic,1,0.0
6YHR,1,0.0
BON,1,0.0
TXNS,1,0.0
YU,1,0.0
SRe8,1,0.0
MGI,1,0.0
Sant,1,0.0
DeAi,1,0.0
8oy,1,0.0
12th,1,0.0
givi,1,0.0
6RM,1,0.0
icm,1,0.0
KTiH,1,0.0
Mit,1,0.0
8A2z,1,0.0
P205158,1,0.0
Jupit,1,0.0
mach,1,0.0
6337,1,0.0
oX,1,0.0
sif,1,0.0
uQ0,1,0.0
Bas,1,0.0
dx,1,0.0
UW8H,1,0.0
xk,1,0.0
P20701,1,0.0
Ezt2,1,0.0
Stic,1,0.0
LTva,1,0.0
ihw,1,0.0
H3D,1,0.0
Mitt,1,0.0
daL8,1,0.0
P20309,1,0.0
1550,1,0.0
7531,1,0.0
25X7,1,0.0
a11k,1,0.0
mala,1,0.0
KAF,1,0.0
3f8e9,1,0.0
cpp5,1,0.0
beq,1,0.0
OTr,1,0.0
ytt,1,0.0
SR48,1,0.0
waki,1,0.0
drum,1,0.0
gVx,1,0.0
BIR,1,0.0
0019E,1,0.0
d5ke,1,0.0
000VU,1,0.0
W6y,1,0.0
IiR,1,0.0
5180,1,0.0
ther,1,0.0
76SX,1,0.0
8jNM,1,0.0
3Lpm,1,0.0
QM,1,0.0
MMPQ,1,0.0
pand,1,0.0
SR1b,1,0.0
Sreelekh,1,0.0
mh,1,0.0
Vaya,1,0.0
Full,1,0.0
deb,1,0.0
P205879,1,0.0
793,1,0.0
1k6,1,0.0
Rapid,1,0.0
Dshi,1,0.0
4jlt,1,0.0
LXvj,1,0.0
4D,1,0.0
0004A,1,0.0
VNj5,1,0.0
Unde,1,0.0
Ef,1,0.0
Advanc,1,0.0
1ujv,1,0.0
SR1,1,0.0
bwc9,1,0.0
Jawa,1,0.0
Fida,1,0.0
5wLA,1,0.0
AoZ,1,0.0
9a4,1,0.0
aos,1,0.0
Z5,1,0.0
sEs0,1,0.0
xgfd,1,0.0
tour,1,0.0
2ZEQ,1,0.0
LC A,1,0.0
m0,1,0.0
Dr D,1,0.0
bog,1,0.0
kKy,1,0.0
His,1,0.0
P20262,1,0.0
dX,1,0.0
Ridi,1,0.0
mtn,1,0.0
ea9,1,0.0
bupf3,1,0.0
Dapa,1,0.0
P2024805,1,0.0
5qb,1,0.0
Ujwa,1,0.0
fFvj,1,0.0
Jag,1,0.0
XkEr,1,0.0
N8zU,1,0.0
6954,1,0.0
N211661,1,0.0
de3,1,0.0
vuvs,1,0.0
Drama,1,0.0
Chow,1,0.0
Kell,1,0.0
WD p,1,0.0
t6b,1,0.0
RR6,1,0.0
Compute,1,0.0
Vinb,1,0.0
460,1,0.0
ddud,1,0.0
Abou,1,0.0
famo,1,0.0
unifo,1,0.0
civi,1,0.0
yl5T,1,0.0
ndeyU,1,0.0
U1jw,1,0.0
6478,1,0.0
AQtX,1,0.0
medu,1,0.0
CV,1,0.0
pls,1,0.0
Vu,1,0.0
W194,1,0.0
Oxve,1,0.0
P20636,1,0.0
Tiss,1,0.0
SRa4,1,0.0
Shet,1,0.0
repido,1,0.0
spoo,1,0.0
Neaq,1,0.0
G6To,1,0.0
jP,1,0.0
moPy,1,0.0
2vlE,1,0.0
medc,1,0.0
O5VP,1,0.0
zZ7riq,1,0.0
Jipa,1,0.0
COLL,1,0.0
ARP0,1,0.0
000MZ,1,0.0
9ib,1,0.0
fuls,1,0.0
C7I,1,0.0
SR04,1,0.0
002FK,1,0.0
RRMJo,1,0.0
d6i7,1,0.0
9N9j,1,0.0
X0WA,1,0.0
57xg2h,1,0.0
52eb1,1,0.0
RRg,1,0.0
1l,1,0.0
F5y,1,0.0
xHCk,1,0.0
79le,1,0.0
9752,1,0.0
6481,1,0.0
SU07,1,0.0
T3QH,1,0.0
5338,1,0.0
8xpi,1,0.0
INV5,1,0.0
cdz,1,0.0
Ved,1,0.0
OK35,1,0.0
snack,1,0.0
9wd3v,1,0.0
eoAm,1,0.0
Croc,1,0.0
c54m,1,0.0
P20603,1,0.0
Tm h,1,0.0
L T,1,0.0
Imdad,1,0.0
NWAeW,1,0.0
Dest,1,0.0
kela,1,0.0
0000U,1,0.0
jD,1,0.0
1205,1,0.0
Istr,1,0.0
4782,1,0.0
554,1,0.0
Hb,1,0.0
cNJp,1,0.0
5j4w,1,0.0
Ab c,1,0.0
e6a,1,0.0
join,1,0.0
XzvQ,1,0.0
000DA,1,0.0
vdbd,1,0.0
z3ar,1,0.0
bkSz,1,0.0
RRy,1,0.0
8H,1,0.0
Fens,1,0.0
5OR,1,0.0
Wap,1,0.0
aBj4,1,0.0
kL,1,0.0
5uqb,1,0.0
7e09,1,0.0
2Kin,1,0.0
Qeeq,1,0.0
a4W4,1,0.0
67dn,1,0.0
rdy,1,0.0
YZer,1,0.0
S N,1,0.0
0737,1,0.0
5sxea,1,0.0
BgXQ,1,0.0
vysh,1,0.0
KKwR,1,0.0
BkRk,1,0.0
1x,1,0.0
64gj,1,0.0
e6QoB,1,0.0
XHL7,1,0.0
NS S,1,0.0
0p,1,0.0
13we,1,0.0
1I9,1,0.0
Om15,1,0.0
ranno,1,0.0
MM93,1,0.0
Lha,1,0.0
GWMI,1,0.0
P20117,1,0.0
Jina,1,0.0
P20176,1,0.0
PRG PM,1,0.0
Akas,1,0.0
0sogsK,1,0.0
ve5C,1,0.0
69ka,1,0.0
NJDV,1,0.0
P2063079,1,0.0
I am,1,0.0
urUU,1,0.0
i9b,1,0.0
txhd,1,0.0
mahi,1,0.0
X1,1,0.0
8Uf6,1,0.0
NR,1,0.0
Anur,1,0.0
qPPZ,1,0.0
F2,1,0.0
Fiza,1,0.0
4P,1,0.0
000IZ,1,0.0
MATR,1,0.0
e0212,1,0.0
ZXBD,1,0.0
lZG9A,1,0.0
Taje,1,0.0
9vio,1,0.0
sp1,1,0.0
Cha,1,0.0
yW,1,0.0
6U0T,1,0.0
pp5w,1,0.0
Dham,1,0.0
MEtAi,1,0.0
aamd,1,0.0
Kes,1,0.0
5e3,1,0.0
EE0O,1,0.0
5X,1,0.0
Zy,1,0.0
STAMP,1,0.0
Pay to h,1,0.0
Narg,1,0.0
P20189,1,0.0
aamr,1,0.0
arul si,1,0.0
Y9,1,0.0
6cpj,1,0.0
Dz,1,0.0
Jay,1,0.0
yRDW,1,0.0
Tic,1,0.0
RS T,1,0.0
000GQ,1,0.0
zuba,1,0.0
S1782,1,0.0
MJ,1,0.0
AyhL,1,0.0
C02605,1,0.0
Chat,1,0.0
Ras6,1,0.0
FW3,1,0.0
fab,1,0.0
Aalu,1,0.0
fd6x,1,0.0
hp g,1,0.0
Glyc,1,0.0
sadd,1,0.0
Gajra,1,0.0
dL,1,0.0
O4HaI,1,0.0
Rosh,1,0.0
nRha,1,0.0
6QJ6,1,0.0
chol,1,0.0
pop,1,0.0
SRa0,1,0.0
0003E,1,0.0
P2057744,1,0.0
P200426,1,0.0
rkFI,1,0.0
pg,1,0.0
F1ek,1,0.0
4ltP,1,0.0
onli,1,0.0
4mb,1,0.0
PHYP31,1,0.0
adw,1,0.0
NEkh,1,0.0
Niti,1,0.0
Embo,1,0.0
P20295,1,0.0
flav,1,0.0
66ck,1,0.0
9jV7,1,0.0
MAINTENA,1,0.0
Yosh,1,0.0
oL,1,0.0
MS p,1,0.0
sano,1,0.0
6dz,1,0.0
a6a,1,0.0
Aug,1,0.0
nAsv,1,0.0
505,1,0.0
Mj,1,0.0
Kareem,1,0.0
Gunj,1,0.0
7h,1,0.0
Gas A,1,0.0
000BI,1,0.0
845p,1,0.0
YA,1,0.0
petrol,1,0.0
NjU9,1,0.0
Bamb,1,0.0
5rum,1,0.0
Nar S,1,0.0
xfCS,1,0.0
nD,1,0.0
pefX,1,0.0
ragh,1,0.0
Pata,1,0.0
4m9S,1,0.0
yw,1,0.0
f803,1,0.0
bale,1,0.0
rMOH,1,0.0
rW,1,0.0
z7,1,0.0
y400,1,0.0
BqX,1,0.0
4bam,1,0.0
lT,1,0.0
jQRy,1,0.0
01o,1,0.0
Vikr,1,0.0
46k5,1,0.0
ana,1,0.0
Nr,1,0.0
WVsb,1,0.0
ser,1,0.0
devi,1,0.0
Thot,1,0.0
ER,1,0.0
JANU,1,0.0
8AZ,1,0.0
XcH3,1,0.0
Qy,1,0.0
Sun,1,0.0
220,1,0.0
0006I,1,0.0
coug,1,0.0
ZY,1,0.0
Jlwyc,1,0.0
laks,1,0.0
sf f,1,0.0
bH8,1,0.0
supo,1,0.0
P200820,1,0.0
Mall,1,0.0
b0ZO,1,0.0
P204277,1,0.0
ATM,1,0.0
ax2qe3,1,0.0
MRF B,1,0.0
UQp,1,0.0
1X,1,0.0
UOZB,1,0.0
6996f1,1,0.0
Morn,1,0.0
000OR,1,0.0
Ball,1,0.0
TTKr,1,0.0
431f,1,0.0
osv8,1,0.0
2ozj,1,0.0
SST,1,0.0
P2034864,1,0.0
AU26,1,0.0
Gha,1,0.0
k4,1,0.0
JR,1,0.0
dadu,1,0.0
SPp0,1,0.0
7xu7,1,0.0
G1781,1,0.0
f118,1,0.0
paid of,1,0.0
63ckcb,1,0.0
OYIZ,1,0.0
11xw,1,0.0
ci3,1,0.0
Cut,1,0.0
2517,1,0.0
D74,1,0.0
0YvS,1,0.0
aafa,1,0.0
EdvI,1,0.0
af7,1,0.0
Satur,1,0.0
SR4d,1,0.0
fdc,1,0.0
574y,1,0.0
bara,1,0.0
cib,1,0.0
xeid,1,0.0
Raw,1,0.0
zhxh,1,0.0
4576,1,0.0
54y9,1,0.0
002T6,1,0.0
Tqsn,1,0.0
5li,1,0.0
d5qi,1,0.0
Chen,1,0.0
10day,1,0.0
awn6f4,1,0.0
ROJ,1,0.0
vari,1,0.0
iplC,1,0.0
dlw,1,0.0
1bf,1,0.0
Poter,1,0.0
hfRO,1,0.0
3P,1,0.0
P199149,1,0.0
MMQT,1,0.0
WQ,1,0.0
PZ2P,1,0.0
rik,1,0.0
147r,1,0.0
iTV5,1,0.0
4uvm,1,0.0
MPMXE,1,0.0
h4,1,0.0
4ZuN,1,0.0
BYNv,1,0.0
9Fap,1,0.0
l0HVP,1,0.0
kiwc,1,0.0
uw,1,0.0
jhxC,1,0.0
chou,1,0.0
orth,1,0.0
2f70I,1,0.0
oXZ4,1,0.0
J7v,1,0.0
a6S,1,0.0
Nam,1,0.0
dgy,1,0.0
4vjc,1,0.0
Vs1z,1,0.0
N260850,1,0.0
desr,1,0.0
VY,1,0.0
0002Z,1,0.0
b6oI,1,0.0
a5h,1,0.0
Lbct,1,0.0
Digi,1,0.0
b8oO,1,0.0
P20325,1,0.0
Xf1m,1,0.0
may e,1,0.0
dydu,1,0.0
bright,1,0.0
thtN,1,0.0
Rrm,1,0.0
texi,1,0.0
Falu,1,0.0
Skir,1,0.0
001SA,1,0.0
mGL,1,0.0
bD,1,0.0
mhhkj,1,0.0
e0f3,1,0.0
market t,1,0.0
6dpf,1,0.0
e08,1,0.0
KB,1,0.0
a5ht,1,0.0
cvr,1,0.0
9cq3,1,0.0
arl,1,0.0
bq4,1,0.0
a0jis,1,0.0
yVn4,1,0.0
4077,1,0.0
djdd,1,0.0
pngk,1,0.0
mD,1,0.0
6lwp,1,0.0
skim,1,0.0
ager,1,0.0
ghanir,1,0.0
afg5b,1,0.0
T6En,1,0.0
Jinn,1,0.0
BCNN,1,0.0
Poon,1,0.0
3leK,1,0.0
EJ,1,0.0
4xc0h,1,0.0
jwm,1,0.0
JKFd,1,0.0
5uq5,1,0.0
PE7H,1,0.0
w0Ft,1,0.0
S17765,1,0.0
Caps,1,0.0
5o1,1,0.0
6DLB,1,0.0
P20710,1,0.0
a6u,1,0.0
iwy,1,0.0
4F2G,1,0.0
lL,1,0.0
Sad,1,0.0
14wi,1,0.0
Khat,1,0.0
TVs,1,0.0
O2Go,1,0.0
Ord,1,0.0
Aam,1,0.0
Siro,1,0.0
Drav,1,0.0
Suz,1,0.0
9xw,1,0.0
xptb,1,0.0
TMhot,1,0.0
sil,1,0.0
YY,1,0.0
Ry,1,0.0
nity,1,0.0
asrrs,1,0.0
haris,1,0.0
dona,1,0.0
Niza,1,0.0
per,1,0.0
5g8s,1,0.0
om p,1,0.0
c94oef,1,0.0
Tok,1,0.0
Kha,1,0.0
gajr,1,0.0
Prah,1,0.0
Mina,1,0.0
oT,1,0.0
joy,1,0.0
INGk,1,0.0
y7,1,0.0
nQeW,1,0.0
dt,1,0.0
b1q,1,0.0
151bNxmM,1,0.0
RY,1,0.0
9fee2,1,0.0
Blow,1,0.0
sfGj,1,0.0
Uo9B,1,0.0
VRL t,1,0.0
prem,1,0.0
evHk,1,0.0
155O,1,0.0
Gana,1,0.0
laun,1,0.0
jJ2d,1,0.0
4q0e,1,0.0
BUh3,1,0.0
5b7t,1,0.0
eFx1,1,0.0
vvo,1,0.0
Just,1,0.0
oct,1,0.0
jale,1,0.0
001MB,1,0.0
IMiF,1,0.0
qw,1,0.0
SQ,1,0.0
Roha,1,0.0
gbl,1,0.0
FedM,1,0.0
P20273,1,0.0
Alk,1,0.0
7rf,1,0.0
J2xk,1,0.0
Acre,1,0.0
Xq,1,0.0
P205969,1,0.0
Libr,1,0.0
fafa,1,0.0
OB,1,0.0
Mob,1,0.0
Y0Zm,1,0.0
8XV,1,0.0
Laku,1,0.0
3729,1,0.0
1704,1,0.0
9881,1,0.0
16gq,1,0.0
QA,1,0.0
P20567,1,0.0
N44e,1,0.0
Bizn,1,0.0
Nov,1,0.0
cl69,1,0.0
sop,1,0.0
Balu,1,0.0
5ouc,1,0.0
5s612,1,0.0
dyW,1,0.0
n45,1,0.0
LZfy,1,0.0
v8C8,1,0.0
uno,1,0.0
dxfr,1,0.0
4H,1,0.0
Q6j1,1,0.0
Duda,1,0.0
PI,1,0.0
pota,1,0.0
OHex,1,0.0
t5Bo,1,0.0
masv,1,0.0
hL,1,0.0
cdp,1,0.0
dv9s,1,0.0
5kw2,1,0.0
PSN2,1,0.0
on acc,1,0.0
Uc2Z,1,0.0
NPv6,1,0.0
P20598,1,0.0
Sho,1,0.0
M7D,1,0.0
Dade,1,0.0
xWjI,1,0.0
0h,1,0.0
000CB,1,0.0
alta,1,0.0
S1NK,1,0.0
15jr,1,0.0
PAID,1,0.0
Bob,1,0.0
JXtl,1,0.0
Kb,1,0.0
Beau,1,0.0
Masi,1,0.0
wG,1,0.0
neMB,1,0.0
iD,1,0.0
Kill,1,0.0
MPMSB,1,0.0
Shob,1,0.0
51bf,1,0.0
ply,1,0.0
EPDM,1,0.0
Dim,1,0.0
8P,1,0.0
Wq,1,0.0
0007B,1,0.0
3p,1,0.0
Pcqw,1,0.0
ghar,1,0.0
jXRI,1,0.0
Hz,1,0.0
U9,1,0.0
shal,1,0.0
Pakr,1,0.0
85b,1,0.0
2x,1,0.0
k46x,1,0.0
MMDU,1,0.0
4VX59,1,0.0
BpAV,1,0.0
70Ax,1,0.0
putu,1,0.0
FMij,1,0.0
Muru,1,0.0
WlAg,1,0.0
P207076,1,0.0
c75,1,0.0
Yus,1,0.0
G33n,1,0.0
Jy8J,1,0.0
N3eM,1,0.0
Vj,1,0.0
8ljE,1,0.0
d5a,1,0.0
2mon,1,0.0
P20512,1,0.0
86fd3,1,0.0
Juse,1,0.0
83ec,1,0.0
B6Bx,1,0.0
cod,1,0.0
AgnC,1,0.0
4zCf,1,0.0
20j,1,0.0
1on,1,0.0
Ganp,1,0.0
Disa,1,0.0
Wb,1,0.0
6h0K,1,0.0
et4r,1,0.0
pQbEn,1,0.0
QFi,1,0.0
rdc,1,0.0
vara,1,0.0
Cudi,1,0.0
Kata,1,0.0
N3Mf,1,0.0
SPGm,1,0.0
cftr,1,0.0
wT,1,0.0
HNTu,1,0.0
Helo,1,0.0
513jn,1,0.0
X5Tto,1,0.0
H1,1,0.0
dre,1,0.0
cqfS,1,0.0
zPi,1,0.0
Family,1,0.0
I9,1,0.0
bjq0kf,1,0.0
Tanw,1,0.0
Coup,1,0.0
swrc8,1,0.0
rBWI,1,0.0
Pxwy,1,0.0
tzw3,1,0.0
4alp,1,0.0
Ckik,1,0.0
pak2,1,0.0
4y6l,1,0.0
AOEd,1,0.0
Tana,1,0.0
Tham,1,0.0
Topu,1,0.0
SWHDO,1,0.0
Poto,1,0.0
jea,1,0.0
annu,1,0.0
Bear,1,0.0
enjo,1,0.0
C N,1,0.0
FxCE,1,0.0
YAfg,1,0.0
P202852,1,0.0
6qJp,1,0.0
OnO2,1,0.0
Iveo,1,0.0
RioL,1,0.0
P1982,1,0.0
lakm,1,0.0
h4IjZ,1,0.0
vale,1,0.0
RR34,1,0.0
fW,1,0.0
k2q,1,0.0
Grah,1,0.0
dDj,1,0.0
3y7m,1,0.0
KENDAN,1,0.0
R3zz,1,0.0
54g5,1,0.0
kirp,1,0.0
3itu,1,0.0
RRE,1,0.0
YHv9,1,0.0
b72,1,0.0
SB,1,0.0
5qf,1,0.0
SRdb,1,0.0
bs5f,1,0.0
0X9mM,1,0.0
qd,1,0.0
TIKA,1,0.0
Rain,1,0.0
4tev,1,0.0
PAYMENT,1,0.0
132,1,0.0
taq,1,0.0
vZVr,1,0.0
e02x,1,0.0
Eid,1,0.0
BNY0,1,0.0
W1m,1,0.0
hHM0,1,0.0
jb b,1,0.0
boc,1,0.0
81a,1,0.0
i1yyF,1,0.0
563,1,0.0
bwwt,1,0.0
cqh6,1,0.0
6K,1,0.0
5052,1,0.0
5zy8,1,0.0
neos,1,0.0
Baw,1,0.0
rgLA,1,0.0
6377,1,0.0
WLPS402,1,0.0
ici,1,0.0
FA,1,0.0
c0115,1,0.0
44t,1,0.0
8itu,1,0.0
Mummy,1,0.0
6d1,1,0.0
nash,1,0.0
XB,1,0.0
brxe,1,0.0
7c,1,0.0
525q,1,0.0
49pj0f,1,0.0
hdpe,1,0.0
I9bu,1,0.0
GI,1,0.0
P20739,1,0.0
G17689,1,0.0
pL,1,0.0
dh1,1,0.0
HdFC,1,0.0
kg9D,1,0.0
TR l,1,0.0
555d,1,0.0
000AN,1,0.0
zEjC,1,0.0
kAk,1,0.0
18si,1,0.0
y9rzf,1,0.0
Afs,1,0.0
POC,1,0.0
Outside,1,0.0
M9,1,0.0
52k6,1,0.0
DhI,1,0.0
25th,1,0.0
000AZ,1,0.0
Shum,1,0.0
5jtr,1,0.0
fq1g,1,0.0
002B5,1,0.0
I ph,1,0.0
zhss,1,0.0
saty,1,0.0
c2e,1,0.0
Oq,1,0.0
P20425,1,0.0
extra,1,0.0
Qr,1,0.0
RRkik,1,0.0
h3i,1,0.0
P20486,1,0.0
290,1,0.0
upi,1,0.0
BfhG,1,0.0
fw,1,0.0
0016U,1,0.0
Rizw,1,0.0
d1yu,1,0.0
e7,1,0.0
czv,1,0.0
bu7,1,0.0
d1925,1,0.0
Sakl,1,0.0
utta,1,0.0
iUQ7,1,0.0
46GT,1,0.0
Saving,1,0.0
wt,1,0.0
Cqr7,1,0.0
217,1,0.0
Alan,1,0.0
P20071,1,0.0
Gehu,1,0.0
d3b0,1,0.0
5iv6,1,0.0
Endov,1,0.0
aqk081,1,0.0
Aw71,1,0.0
k3cp,1,0.0
5JWJ,1,0.0
P20479,1,0.0
Pune,1,0.0
dotM2,1,0.0
CC14,1,0.0
gliw,1,0.0
intd,1,0.0
f6e1,1,0.0
cu1z,1,0.0
2o12,1,0.0
avas,1,0.0
9740,1,0.0
SNAPPYPE,1,0.0
B52f,1,0.0
VJ,1,0.0
Dr H,1,0.0
hota,1,0.0
chac,1,0.0
bhagat,1,0.0
kpda,1,0.0
Hsr,1,0.0
P2032527,1,0.0
5cBt,1,0.0
0Xzw,1,0.0
0854a,1,0.0
Maw,1,0.0
ifb1,1,0.0
Reges,1,0.0
kg,1,0.0
dC0H,1,0.0
birthday,1,0.0
c4mm,1,0.0
SR16,1,0.0
139q,1,0.0
478,1,0.0
P2013640,1,0.0
BDAC,1,0.0
TID65067,1,0.0
1qf,1,0.0
Ramb,1,0.0
sudh,1,0.0
G8Z,1,0.0
IY,1,0.0
MS M,1,0.0
Xp0,1,0.0
w12u,1,0.0
BUNO,1,0.0
b2v,1,0.0
Dakr,1,0.0
dh4y,1,0.0
bub9,1,0.0
Suns,1,0.0
sye,1,0.0
amr,1,0.0
3Lt,1,0.0
arv,1,0.0
A9,1,0.0
MS0,1,0.0
Tsh,1,0.0
P20328,1,0.0
PGP,1,0.0
Bg5d,1,0.0
4YT,1,0.0
Ej6i,1,0.0
JhDf,1,0.0
oil m,1,0.0
Zc3p,1,0.0
P20783,1,0.0
Blan,1,0.0
AG4e,1,0.0
bijl,1,0.0
c04v,1,0.0
hiQH,1,0.0
JGXY,1,0.0
yhZV,1,0.0
Hani,1,0.0
cqw3,1,0.0
sJG61,1,0.0
hydr,1,0.0
shar,1,0.0
WLPS44,1,0.0
2S,1,0.0
GE8,1,0.0
Ong,1,0.0
HQ,1,0.0
9000,1,0.0
P2032833,1,0.0
FX02,1,0.0
amba,1,0.0
1HuD,1,0.0
11f,1,0.0
Tecn,1,0.0
UMA,1,0.0
0C,1,0.0
aiY,1,0.0
meat,1,0.0
thak,1,0.0
WLPS450,1,0.0
5PRE,1,0.0
Mac,1,0.0
jamu,1,0.0
uplo,1,0.0
0001I,1,0.0
vd,1,0.0
2LJ0,1,0.0
5s2,1,0.0
VUP01,1,0.0
Bori,1,0.0
cutl,1,0.0
5Wud,1,0.0
WLPF39,1,0.0
Buss,1,0.0
d5pv,1,0.0
T3DJ,1,0.0
4d6,1,0.0
cv9,1,0.0
Ben,1,0.0
4jx6,1,0.0
9vs8,1,0.0
ZGtZ,1,0.0
XRay,1,0.0
Up39,1,0.0
4m6g,1,0.0
UJ,1,0.0
Na7C,1,0.0
hck7,1,0.0
xl,1,0.0
6cd,1,0.0
8pm,1,0.0
2822,1,0.0
Lad,1,0.0
Supa,1,0.0
mKjw,1,0.0
mvYa,1,0.0
K8Jw,1,0.0
3uJt,1,0.0
R6pa1,1,0.0
59jK,1,0.0
f3eh,1,0.0
malt,1,0.0
gran,1,0.0
m9K4,1,0.0
3415,1,0.0
EA,1,0.0
8nai0y,1,0.0
P20460,1,0.0
NWOo,1,0.0
Agai,1,0.0
Qijb,1,0.0
Mori,1,0.0
000X3,1,0.0
kzmd,1,0.0
clien,1,0.0
rD,1,0.0
NKG,1,0.0
Zain,1,0.0
bbq,1,0.0
pujo,1,0.0
pree,1,0.0
Tha,1,0.0
58K,1,0.0
P2024887,1,0.0
Bcw0qdH,1,0.0
wtc,1,0.0
Ment,1,0.0
1ro,1,0.0
Lq,1,0.0
6000,1,0.0
Narayan,1,0.0
shoc,1,0.0
YR,1,0.0
Putt,1,0.0
WFH,1,0.0
avka,1,0.0
flek,1,0.0
All c,1,0.0
F3S,1,0.0
Reda,1,0.0
FY,1,0.0
SR4c,1,0.0
entr,1,0.0
cak,1,0.0
6e32,1,0.0
Sham,1,0.0
Yr,1,0.0
aF8V,1,0.0
dihw,1,0.0
sevi,1,0.0
c9n8,1,0.0
zqX3,1,0.0
f57,1,0.0
gxhd,1,0.0
vk5n,1,0.0
PBQ,1,0.0
pron,1,0.0
86e,1,0.0
nw,1,0.0
000UA,1,0.0
TXNOS,1,0.0
gHpw,1,0.0
eW,1,0.0
5Xws,1,0.0
a8u4,1,0.0
Pay R,1,0.0
dJYF,1,0.0
Suji,1,0.0
cigg,1,0.0
Fy,1,0.0
P2053843,1,0.0
BqCc,1,0.0
paan,1,0.0
vZjO,1,0.0
Puriet W,1,0.0
Dese,1,0.0
QLW2,1,0.0
Taxi H,1,0.0
iea,1,0.0
Mini,1,0.0
glin,1,0.0
0007A,1,0.0
5TmJ,1,0.0
v6a,1,0.0
F15,1,0.0
MMON,1,0.0
5K,1,0.0
Zj,1,0.0
khor,1,0.0
aoKI,1,0.0
apg,1,0.0
96so,1,0.0
9rnZY1,1,0.0
P320,1,0.0
4zwc8,1,0.0
shuk,1,0.0
Godr,1,0.0
000CU,1,0.0
do c,1,0.0
MMPD,1,0.0
Mayan,1,0.0
gG,1,0.0
lg,1,0.0
HCjR,1,0.0
xmM9,1,0.0
fur,1,0.0
meen,1,0.0
3saU,1,0.0
3gpp,1,0.0
13x3,1,0.0
1a8dd,1,0.0
000E4,1,0.0
FKB7,1,0.0
afUH,1,0.0
hG,1,0.0
Rasi,1,0.0
Ac7,1,0.0
BnV6,1,0.0
jEVL,1,0.0
ad6p,1,0.0
SHWARP,1,0.0
PQy,1,0.0
fdc16,1,0.0
cran,1,0.0
eZCA,1,0.0
3xJzB,1,0.0
aari,1,0.0
SR07,1,0.0
Shub,1,0.0
gehe,1,0.0
N3F4,1,0.0
TOWN,1,0.0
ur6k6,1,0.0
noc,1,0.0
NBNOJew,1,0.0
3hgf,1,0.0
MPMFE,1,0.0
a303,1,0.0
20Fp,1,0.0
NIKUN,1,0.0
BMO,1,0.0
w1i0,1,0.0
FNXS,1,0.0
f1d3,1,0.0
MM8,1,0.0
Veda,1,0.0
keba,1,0.0
Pkmy,1,0.0
Hq,1,0.0
Taj,1,0.0
9S,1,0.0
jW,1,0.0
a5w8,1,0.0
p bh,1,0.0
Pha,1,0.0
Rumi,1,0.0
8i5y,1,0.0
Nka,1,0.0
cZb,1,0.0
tato,1,0.0
4qpcm,1,0.0
hi ko,1,0.0
9Mtg,1,0.0
0uFn,1,0.0
bl80,1,0.0
DRvm,1,0.0
6js,1,0.0
000TO,1,0.0
Kal,1,0.0
Shit,1,0.0
d7cr,1,0.0
aQ,1,0.0
oG42,1,0.0
scre,1,0.0
XEBq,1,0.0
DS1e,1,0.0
mehu,1,0.0
1112,1,0.0
5uc,1,0.0
ldgU,1,0.0
2U,1,0.0
Ajun,1,0.0
Cw,1,0.0
trip,1,0.0
4uu7,1,0.0
wall,1,0.0
Kc8m,1,0.0
63ju,1,0.0
hOl,1,0.0
6fy,1,0.0
Anvi,1,0.0
6hv5,1,0.0
a9n1,1,0.0
0d4f,1,0.0
000J1,1,0.0
Z7IL,1,0.0
3508,1,0.0
11p55,1,0.0
rz78,1,0.0
yqyX,1,0.0
0tO4,1,0.0
4i30,1,0.0
HGd,1,0.0
SP6j,1,0.0
Hyl,1,0.0
JX7PqE,1,0.0
Photo,1,0.0
gSu,1,0.0
Dress,1,0.0
VKbU,1,0.0
Dabe,1,0.0
aYHp,1,0.0
De M,1,0.0
SR3e,1,0.0
W2wQ,1,0.0
0006O,1,0.0
srii,1,0.0
zesX,1,0.0
iEQi,1,0.0
cs5y,1,0.0
Runu,1,0.0
0E,1,0.0
f8gd,1,0.0
1783,1,0.0
0017,1,0.0
30C,1,0.0
Umarv,1,0.0
vjp,1,0.0
Kash,1,0.0
Shya,1,0.0
90hi,1,0.0
10xs,1,0.0
badm,1,0.0
MM57,1,0.0
c1d5,1,0.0
304,1,0.0
iXN,1,0.0
1450,1,0.0
bsc7,1,0.0
BdX,1,0.0
kfKf,1,0.0
BRIJ,1,0.0
rB,1,0.0
f2j,1,0.0
14dh,1,0.0
both,1,0.0
Rang,1,0.0
MAY,1,0.0
Sing,1,0.0
domc,1,0.0
UpRP,1,0.0
13dk,1,0.0
FdkO,1,0.0
Lend,1,0.0
P201471,1,0.0
den,1,0.0
13k,1,0.0
000I5,1,0.0
Figh,1,0.0
prsn,1,0.0
2j5z0,1,0.0
AJq,1,0.0
duss,1,0.0
Ql,1,0.0
RRRh,1,0.0
Oo,1,0.0
1bdx,1,0.0
sUU,1,0.0
13th,1,0.0
8527M,1,0.0
3b7c,1,0.0
TXNDSD,1,0.0
RRM,1,0.0
kyw,1,0.0
eegs,1,0.0
Rihi,1,0.0
pecz0,1,0.0
P205014,1,0.0
kuma,1,0.0
WLTS35,1,0.0
dy,1,0.0
0009,1,0.0
fun,1,0.0
oY,1,0.0
PT u,1,0.0
Campe,1,0.0
vf5p,1,0.0
7NCU8,1,0.0
nQ,1,0.0
8uBcb,1,0.0
Sahi,1,0.0
998b,1,0.0
UPISe,1,0.0
bIwb,1,0.0
153u,1,0.0
nani,1,0.0
UBgq,1,0.0
GW,1,0.0
kurk,1,0.0
hete,1,0.0
unit,1,0.0
O7,1,0.0
dq19,1,0.0
MMSX,1,0.0
6bt,1,0.0
YT,1,0.0
vim,1,0.0
pL e,1,0.0
Rake,1,0.0
plumbi,1,0.0
29i,1,0.0
424L,1,0.0
dY,1,0.0
head,1,0.0
Jwel,1,0.0
Twv3,1,0.0
1yi,1,0.0
Bhims,1,0.0
Utsa,1,0.0
J55v,1,0.0
bCa,1,0.0
hc9e,1,0.0
egwG,1,0.0
SPXN2e,1,0.0
ica,1,0.0
1569,1,0.0
rbQ,1,0.0
fd11a,1,0.0
P2066088,1,0.0
Gw,1,0.0
P204871,1,0.0
APR,1,0.0
FGgB,1,0.0
LW,1,0.0
62g5,1,0.0
3e2,1,0.0
pet,1,0.0
64nz,1,0.0
Lawk,1,0.0
Tom,1,0.0
WMi4,1,0.0
Anmo,1,0.0
P20663,1,0.0
s2,1,0.0
75e86,1,0.0
10rn,1,0.0
eQ,1,0.0
783,1,0.0
rOop,1,0.0
9g4a,1,0.0
Dayc,1,0.0
6265,1,0.0
gA,1,0.0
cs1Y,1,0.0
munt,1,0.0
Mithales,1,0.0
fgsh,1,0.0
69mx,1,0.0
LgV5,1,0.0
93yu5s,1,0.0
Flyin,1,0.0
aqhh,1,0.0
OxVB,1,0.0
OO,1,0.0
3wzn6w,1,0.0
cf6,1,0.0
1293,1,0.0
NSgs,1,0.0
C77L,1,0.0
OZEr2m,1,0.0
shsu,1,0.0
bRjm,1,0.0
JIGNE,1,0.0
5j26,1,0.0
xJ,1,0.0
P520,1,0.0
dle,1,0.0
Ul,1,0.0
j166,1,0.0
ZpH,1,0.0
omi,1,0.0
aok5,1,0.0
J5uW,1,0.0
3259,1,0.0
Online,1,0.0
Bhau,1,0.0
sens,1,0.0
Rtn A,1,0.0
iI,1,0.0
jdCN,1,0.0
MARK,1,0.0
hA,1,0.0
16ek,1,0.0
h8RG,1,0.0
11j9,1,0.0
jupi,1,0.0
ygPb,1,0.0
nisa,1,0.0
teac,1,0.0
gdhf,1,0.0
vB,1,0.0
NMkE,1,0.0
P202057,1,0.0
MMGW,1,0.0
hurr,1,0.0
NQ2d,1,0.0
SATEMENT,1,0.0
5wc7,1,0.0
704,1,0.0
5450,1,0.0
021,1,0.0
3ckm,1,0.0
MPMWC,1,0.0
Hw,1,0.0
Ryaa,1,0.0
K7,1,0.0
TXNSZ,1,0.0
igl,1,0.0
nDzh,1,0.0
3zA,1,0.0
9U,1,0.0
0003C,1,0.0
jign,1,0.0
rewa,1,0.0
Pedh,1,0.0
tfrd,1,0.0
3t7pkq,1,0.0
68e,1,0.0
YEi4,1,0.0
reg,1,0.0
RN8d,1,0.0
NDHeYVb,1,0.0
Ac2rSs,1,0.0
6dyo,1,0.0
470,1,0.0
Alym,1,0.0
gt4b,1,0.0
6whe,1,0.0
SR96,1,0.0
TTFT,1,0.0
Bilb,1,0.0
P20272,1,0.0
0fq3,1,0.0
3mW4,1,0.0
SR2d,1,0.0
RRBH,1,0.0
Dosa,1,0.0
kA,1,0.0
0bcde,1,0.0
3hem,1,0.0
BFpg,1,0.0
Shoppi,1,0.0
aunt,1,0.0
BZwu,1,0.0
denm,1,0.0
Cur,1,0.0
IRC,1,0.0
cocon,1,0.0
vibr,1,0.0
78P,1,0.0
Bish,1,0.0
GLnT,1,0.0
omZ4,1,0.0
vati,1,0.0
Blin,1,0.0
C1B3,1,0.0
4EKs,1,0.0
0021Z,1,0.0
NXhG,1,0.0
cgdd,1,0.0
rsgd,1,0.0
kdpQs,1,0.0
SJhT,1,0.0
Towe,1,0.0
o7gK,1,0.0
00ax,1,0.0
m8000,1,0.0
9d62b,1,0.0
b7SS,1,0.0
K7U0jQ,1,0.0
9611,1,0.0
MH04,1,0.0
9ljo,1,0.0
5s5k,1,0.0
AHt,1,0.0
5d842ca,1,0.0
bbxz,1,0.0
Remo,1,0.0
d656,1,0.0
9MQ,1,0.0
rwtZ,1,0.0
yqh8,1,0.0
ajj,1,0.0
ZEN,1,0.0
bime,1,0.0
000T,1,0.0
G1777,1,0.0
Sna,1,0.0
Cal,1,0.0
17gc,1,0.0
B5Wa,1,0.0
V4,1,0.0
BDj,1,0.0
57co,1,0.0
nZ2F,1,0.0
Ts1,1,0.0
stai,1,0.0
7May,1,0.0
bc n,1,0.0
b9d,1,0.0
9112,1,0.0
N17mn,1,0.0
ofyp,1,0.0
P20153,1,0.0
12c9,1,0.0
fQ,1,0.0
piza,1,0.0
8769M,1,0.0
ulc41,1,0.0
152X,1,0.0
mruna,1,0.0
62urs,1,0.0
Toy,1,0.0
Intere,1,0.0
60fw,1,0.0
Mef,1,0.0
4ZA,1,0.0
Zt,1,0.0
JeQ8,1,0.0
G7,1,0.0
0Ou,1,0.0
2301,1,0.0
T8HX,1,0.0
65cm,1,0.0
Aapk,1,0.0
gY,1,0.0
C9F14,1,0.0
Pity,1,0.0
ly,1,0.0
Carp,1,0.0
Niwk,1,0.0
yZ,1,0.0
fDFL,1,0.0
9n0g,1,0.0
My s,1,0.0
Kolk,1,0.0
Sav,1,0.0
P205697,1,0.0
pj,1,0.0
zvURT,1,0.0
lDb,1,0.0
bnsb,1,0.0
SR32,1,0.0
0v33,1,0.0
503,1,0.0
mad,1,0.0
visi,1,0.0
Nano,1,0.0
MH1,1,0.0
rupa,1,0.0
BhrHs,1,0.0
6M,1,0.0
G4Be,1,0.0
dosh,1,0.0
FG30V3,1,0.0
METW,1,0.0
Didd,1,0.0
P2029614,1,0.0
bKDa,1,0.0
y6rd,1,0.0
3acodw,1,0.0
Yi2u,1,0.0
000MO,1,0.0
vOGx,1,0.0
P20647,1,0.0
zB,1,0.0
META,1,0.0
wdA0,1,0.0
y50u,1,0.0
uh0,1,0.0
Bakra,1,0.0
NZDW,1,0.0
5a6e,1,0.0
P20493,1,0.0
MMHG,1,0.0
Rl,1,0.0
YL,1,0.0
P20430,1,0.0
inst,1,0.0
cr98,1,0.0
sch,1,0.0
GO,1,0.0
bwk,1,0.0
Nota,1,0.0
pJ,1,0.0
5xjd,1,0.0
nI,1,0.0
yZ2W,1,0.0
5cUq,1,0.0
0027R,1,0.0
SHim,1,0.0
Ye75L,1,0.0
cove,1,0.0
0fed,1,0.0
P20038,1,0.0
901dc0,1,0.0
Vaibh,1,0.0
88md,1,0.0
vest,1,0.0
wipe,1,0.0
fata,1,0.0
004,1,0.0
X1W,1,0.0
4vpr4,1,0.0
R4,1,0.0
g40T,1,0.0
ZT,1,0.0
XtaL,1,0.0
sk p,1,0.0
Qt,1,0.0
vWq,1,0.0
4wen,1,0.0
k06H,1,0.0
1php,1,0.0
ndW,1,0.0
mani,1,0.0
fexo,1,0.0
rZ,1,0.0
bcu,1,0.0
SR9a,1,0.0
yz,1,0.0
1GHd,1,0.0
kh8yFr2y,1,0.0
42tb,1,0.0
Mund,1,0.0
926,1,0.0
Glov,1,0.0
P2004,1,0.0
shr,1,0.0
EMI2,1,0.0
lzo8,1,0.0
yaqQ,1,0.0
NKUP,1,0.0
P20324,1,0.0
8HqX,1,0.0
iwa9j,1,0.0
P20345,1,0.0
SurP,1,0.0
jun,1,0.0
dfg,1,0.0
1oZI,1,0.0
sole,1,0.0
Samr,1,0.0
1k ca,1,0.0
vana,1,0.0
health,1,0.0
nIPl,1,0.0
SUNN,1,0.0
C7,1,0.0
SR87,1,0.0
JyM,1,0.0
amWg,1,0.0
Rtc,1,0.0
sumi,1,0.0
3Zbo,1,0.0
KW,1,0.0
d23vx4,1,0.0
yL8C,1,0.0
Ticket,1,0.0
khic,1,0.0
w100,1,0.0
Lagg,1,0.0
1h3,1,0.0
69mw,1,0.0
eDq,1,0.0
4lcg,1,0.0
bMn,1,0.0
b89,1,0.0
NPqJG,1,0.0
0lh,1,0.0
D4jW,1,0.0
WD,1,0.0
d5r3,1,0.0
6ab0,1,0.0
yest,1,0.0
Day4,1,0.0
IgcA,1,0.0
Eshc,1,0.0
Fnbp,1,0.0
HO,1,0.0
Mty,1,0.0
Tab,1,0.0
79ts,1,0.0
Fath,1,0.0
2M,1,0.0
dry,1,0.0
aI,1,0.0
P207237,1,0.0
SRff,1,0.0
ok a,1,0.0
103,1,0.0
a9R6,1,0.0
1v08,1,0.0
TPU,1,0.0
keda,1,0.0
s30,1,0.0
RWS8,1,0.0
PM64,1,0.0
dDN9,1,0.0
P20738,1,0.0
MPMIC,1,0.0
KvS,1,0.0
TTYV,1,0.0
SAAD,1,0.0
BhqD,1,0.0
Milk P,1,0.0
2RqNN,1,0.0
P204440,1,0.0
8500,1,0.0
A4,1,0.0
P20330,1,0.0
bgvt,1,0.0
rp13,1,0.0
P20351,1,0.0
mha,1,0.0
WW,1,0.0
atsh,1,0.0
sabu,1,0.0
h2,1,0.0
uq,1,0.0
69s,1,0.0
hZVA,1,0.0
OS1eaho,1,0.0
N442710,1,0.0
4i6,1,0.0
Adil S,1,0.0
8iU,1,0.0
5lnpr,1,0.0
ACH144,1,0.0
uLrM,1,0.0
d3j8,1,0.0
Eyeb,1,0.0
9g59a,1,0.0
ZVKL,1,0.0
001LX,1,0.0
Akf4,1,0.0
YE7W,1,0.0
1fcA,1,0.0
1F,1,0.0
04f,1,0.0
0b85,1,0.0
teak,1,0.0
dhir,1,0.0
panch,1,0.0
wet n,1,0.0
jwux,1,0.0
9tpv39,1,0.0
81mJ,1,0.0
gens,1,0.0
ten,1,0.0
e1f0,1,0.0
CXoO,1,0.0
cJ,1,0.0
im1,1,0.0
Lhi,1,0.0
6KMI,1,0.0
sche,1,0.0
665,1,0.0
ITPV,1,0.0
BmuF,1,0.0
SWmJzBe,1,0.0
Blc,1,0.0
HU9A,1,0.0
vvs,1,0.0
Radd,1,0.0
6bq0,1,0.0
mT2aOr,1,0.0
BAuw,1,0.0
oB5N,1,0.0
gj,1,0.0
13qb,1,0.0
Ling,1,0.0
bhab,1,0.0
i89j2,1,0.0
645bf,1,0.0
Zish,1,0.0
bann,1,0.0
yZE2,1,0.0
ITCpF7,1,0.0
Sari,1,0.0
rI,1,0.0
8he2,1,0.0
SRf9,1,0.0
MghC,1,0.0
gHft,1,0.0
Yashp,1,0.0
sA,1,0.0
Dhim,1,0.0
t58,1,0.0
YUcYF,1,0.0
hyy,1,0.0
9fc,1,0.0
SR7a,1,0.0
talk,1,0.0
Qg,1,0.0
9rbh,1,0.0
lov,1,0.0
WPOe,1,0.0
ZG,1,0.0
tiel,1,0.0
NqOK,1,0.0
XW,1,0.0
Hale,1,0.0
18th,1,0.0
b3bf,1,0.0
Mt,1,0.0
2lu,1,0.0
rgl,1,0.0
ivi,1,0.0
hsRr,1,0.0
fe8s,1,0.0
1561,1,0.0
SRfa,1,0.0
CV w,1,0.0
Uma,1,0.0
y1,1,0.0
tuma,1,0.0
5suUNs,1,0.0
nZ,1,0.0
yxJx,1,0.0
8n2,1,0.0
LIC,1,0.0
Arju,1,0.0
courier,1,0.0
Sent Vi,1,0.0
Driver,1,0.0
7203,1,0.0
Tenk,1,0.0
13ocq,1,0.0
MMI,1,0.0
J28kQ,1,0.0
0008S,1,0.0
MwRp,1,0.0
31st,1,0.0
r1,1,0.0
6vRx,1,0.0
cmg,1,0.0
ZTbH,1,0.0
or,1,0.0
88iC,1,0.0
a5R,1,0.0
VZ6o,1,0.0
447,1,0.0
IhH,1,0.0
Dwarka,1,0.0
Bj1h,1,0.0
KKSY,1,0.0
7V,1,0.0
mill,1,0.0
Ahad,1,0.0
Fron,1,0.0
Albu,1,0.0
0yR,1,0.0
Gpcp,1,0.0
uAuy,1,0.0
a9X,1,0.0
Paid b,1,0.0
rese,1,0.0
rjj,1,0.0
GVG,1,0.0
5jfd,1,0.0
s9,1,0.0
IdB,1,0.0
den2,1,0.0
1Gka,1,0.0
pen,1,0.0
Ging,1,0.0
lj,1,0.0
DDDY,1,0.0
4N,1,0.0
suge,1,0.0
cus,1,0.0
vvvv,1,0.0
Mira,1,0.0
S5q2430,1,0.0
5F,1,0.0
Moti,1,0.0
mb,1,0.0
fB,1,0.0
r2j,1,0.0
abc,1,0.0
uU5p,1,0.0
PAyc,1,0.0
Pur,1,0.0
DF7,1,0.0
Tamar,1,0.0
xA,1,0.0
2405,1,0.0
8dCa,1,0.0
BvA4,1,0.0
BW43,1,0.0
T3W6G,1,0.0
eco,1,0.0
uRj,1,0.0
RRdu,1,0.0
RREp3,1,0.0
jaku,1,0.0
X1B4MI,1,0.0
LX5J,1,0.0
cbp,1,0.0
P20653,1,0.0
made,1,0.0
lens,1,0.0
OdRB6U,1,0.0
mrB,1,0.0
Jl,1,0.0
265,1,0.0
Bgbr,1,0.0
ixr,1,0.0
JAzUGQ,1,0.0
AwLm,1,0.0
mkxx,1,0.0
champ,1,0.0
Parf,1,0.0
lam,1,0.0
cjv4,1,0.0
7010,1,0.0
kh88oP8,1,0.0
a2d,1,0.0
meg,1,0.0
BEZA,1,0.0
0000D,1,0.0
Pay to M,1,0.0
Shij,1,0.0
jZ,1,0.0
Comm,1,0.0
bogb0,1,0.0
PAY F,1,0.0
baza,1,0.0
YYkb,1,0.0
R5MJ,1,0.0
pCKR,1,0.0
IJFD,1,0.0
P202087,1,0.0
My t,1,0.0
b0xy70,1,0.0
uQ,1,0.0
2chi,1,0.0
balraj,1,0.0
BOna,1,0.0
X5q2w,1,0.0
niy,1,0.0
Cabb,1,0.0
LLB,1,0.0
OkSO,1,0.0
8V,1,0.0
0FR6,1,0.0
Jis8,1,0.0
3v,1,0.0
8pee,1,0.0
10yu,1,0.0
000B1,1,0.0
cizga,1,0.0
3500,1,0.0
Toys,1,0.0
My b,1,0.0
Il,1,0.0
P203241,1,0.0
9tcsh,1,0.0
paga,1,0.0
8yqv,1,0.0
Avva,1,0.0
Vapr,1,0.0
BL,1,0.0
odhn,1,0.0
0S7M,1,0.0
King,1,0.0
duiP,1,0.0
umGH,1,0.0
ruko,1,0.0
1032,1,0.0
nimb,1,0.0
RPjf,1,0.0
powd,1,0.0
qjL,1,0.0
Yxs,1,0.0
gjyj,1,0.0
RRoS,1,0.0
zZjat,1,0.0
MCF,1,0.0
01b35,1,0.0
RRpu,1,0.0
Vg,1,0.0
Parking,1,0.0
GQ4,1,0.0
2f,1,0.0
Hd,1,0.0
Z38,1,0.0
11t,1,0.0
7HaS,1,0.0
5xk,1,0.0
bsvi,1,0.0
Aree,1,0.0
ej5W,1,0.0
6QR,1,0.0
ggzh,1,0.0
Mere,1,0.0
VLyA,1,0.0
gqgt8,1,0.0
6NV,1,0.0
5gph,1,0.0
cc31,1,0.0
hamm,1,0.0
SRf6,1,0.0
rajs,1,0.0
AOIU,1,0.0
aaj,1,0.0
grmP,1,0.0
P2037296,1,0.0
nBEm,1,0.0
iZ,1,0.0
NDB,1,0.0
Sea,1,0.0
i9ku,1,0.0
9wh,1,0.0
P20677,1,0.0
Sarp,1,0.0
tph,1,0.0
GC38,1,0.0
V7p,1,0.0
tol,1,0.0
mes,1,0.0
Rak,1,0.0
Mr10,1,0.0
MCRM6,1,0.0
Bkm1,1,0.0
iR0o,1,0.0
5608,1,0.0
Pfwh,1,0.0
6IG4,1,0.0
Surt,1,0.0
Igm,1,0.0
paeQA,1,0.0
mPpy,1,0.0
Surb,1,0.0
stem,1,0.0
rKr,1,0.0
P20223,1,0.0
P206572,1,0.0
6df,1,0.0
avi,1,0.0
loan fr,1,0.0
1D2y,1,0.0
F4,1,0.0
LEGP,1,0.0
4V,1,0.0
Apple,1,0.0
a5F,1,0.0
Hom,1,0.0
gR,1,0.0
Rauf,1,0.0
KRZM,1,0.0
biy,1,0.0
chocl,1,0.0
XoA9,1,0.0
eB,1,0.0
Sur,1,0.0
000F6,1,0.0
nut,1,0.0
EQ7w,1,0.0
Q3Jv,1,0.0
lcmZ,1,0.0
Gd,1,0.0
EIrM,1,0.0
fJd,1,0.0
NI3x86,1,0.0
KzqF,1,0.0
sb3XJ,1,0.0
sid,1,0.0
RG,1,0.0
4251,1,0.0
4pup,1,0.0
Brow,1,0.0
P20594,1,0.0
SO,1,0.0
67h5i,1,0.0
d5lq,1,0.0
N5FQ,1,0.0
tY2,1,0.0
14pv,1,0.0
Z A,1,0.0
mong,1,0.0
d2c5,1,0.0
fati,1,0.0
total,1,0.0
1ca2c,1,0.0
C2602,1,0.0
qi,1,0.0
G1774,1,0.0
dJ,1,0.0
kanis,1,0.0
lett,1,0.0
4gh,1,0.0
wairma,1,0.0
fqfq,1,0.0
6np,1,0.0
134,1,0.0
With,1,0.0
MMBR,1,0.0
gata gat,1,0.0
1616,1,0.0
pA,1,0.0
5nd,1,0.0
MPZ08,1,0.0
gogv,1,0.0
Darw,1,0.0
Abcd,1,0.0
Frap,1,0.0
SR3,1,0.0
calc,1,0.0
oJ,1,0.0
6fip,1,0.0
ezE,1,0.0
Bss,1,0.0
622p,1,0.0
Reli,1,0.0
AQP,1,0.0
Gav,1,0.0
Anita,1,0.0
Prasha,1,0.0
RAM,1,0.0
Ml,1,0.0
1982,1,0.0
bisi,1,0.0
8z8,1,0.0
30k,1,0.0
tuit,1,0.0
ngv,1,0.0
9oxn,1,0.0
xXBh,1,0.0
qf4L,1,0.0
NNEo,1,0.0
LT c,1,0.0
976d,1,0.0
pol,1,0.0
TXNB6L,1,0.0
epIF,1,0.0
f197,1,0.0
xy,1,0.0
sY,1,0.0
MM4J,1,0.0
yq,1,0.0
vict,1,0.0
UPIVerif,1,0.0
GjcQ,1,0.0
Com,1,0.0
OK0Y,1,0.0
DUP STMT,1,0.0
Fhou,1,0.0
uddu,1,0.0
Kale,1,0.0
HSR,1,0.0
Nt,1,0.0
TID98,1,0.0
ghhj,1,0.0
ET,1,0.0
P2037768,1,0.0
hr,1,0.0
Wal,1,0.0
13dl,1,0.0
Occa,1,0.0
bk9,1,0.0
RRuM,1,0.0
sarav,1,0.0
N1QO,1,0.0
Tax,1,0.0
dust,1,0.0
At,1,0.0
Zw55,1,0.0
dxGA,1,0.0
DDDl,1,0.0
Raqj,1,0.0
d4ai,1,0.0
zbm,1,0.0
cMmp,1,0.0
6096,1,0.0
fune,1,0.0
Vick,1,0.0
P20069,1,0.0
uHuI,1,0.0
XRNS,1,0.0
duptt,1,0.0
2285,1,0.0
ADVA,1,0.0
6nFw,1,0.0
T6qf,1,0.0
bc f,1,0.0
w4qm,1,0.0
t9,1,0.0
J0k8,1,0.0
iz,1,0.0
1K A,1,0.0
ySP9,1,0.0
Die,1,0.0
shNb,1,0.0
kj,1,0.0
94jg,1,0.0
FVN2,1,0.0
Kab,1,0.0
alsh,1,0.0
SUKR,1,0.0
PNo,1,0.0
I01F,1,0.0
pxWJ,1,0.0
IL,1,0.0
2317,1,0.0
gym,1,0.0
84cv,1,0.0
dm6,1,0.0
Kara,1,0.0
RR4,1,0.0
kZVW,1,0.0
P204537,1,0.0
cbkhy,1,0.0
P2025239,1,0.0
6230,1,0.0
lLju,1,0.0
aB,1,0.0
Dolu,1,0.0
RJ09,1,0.0
N405652,1,0.0
nepa,1,0.0
Jayr,1,0.0
mohi,1,0.0
mpsY,1,0.0
7W3S,1,0.0
O75j,1,0.0
Water,1,0.0
pun,1,0.0
rame,1,0.0
Jignes,1,0.0
yY,1,0.0
74G,1,0.0
q9,1,0.0
8m6i,1,0.0
lz,1,0.0
f7b,1,0.0
Prof,1,0.0
gZ,1,0.0
SRa6,1,0.0
Oxvq,1,0.0
amg,1,0.0
P202791,1,0.0
65o8,1,0.0
8mx4M4,1,0.0
j80,1,0.0
advan,1,0.0
000G0,1,0.0
Nike,1,0.0
Haris,1,0.0
xQ,1,0.0
DE6Q,1,0.0
Dt,1,0.0
tlP,1,0.0
U4Wk,1,0.0
95qr,1,0.0
suja,1,0.0
Dron,1,0.0
f9bd,1,0.0
MMZBVU,1,0.0
kha,1,0.0
Aale,1,0.0
nDl,1,0.0
QW,1,0.0
a4Y5,1,0.0
4nFT,1,0.0
Fd,1,0.0
ige,1,0.0
2i6,1,0.0
Rizo,1,0.0
7023,1,0.0
punt,1,0.0
Namk,1,0.0
9Nw,1,0.0
6mo8,1,0.0
Vps,1,0.0
G4pE8,1,0.0
cray,1,0.0
eJ,1,0.0
fa5a8,1,0.0
Beka,1,0.0
MnHG,1,0.0
Repo,1,0.0
P20343,1,0.0
6wYa,1,0.0
6N,1,0.0
479,1,0.0
L9W,1,0.0
bmst,1,0.0
zZ7t6g,1,0.0
N2yV,1,0.0
0032,1,0.0
jJ,1,0.0
IJlX,1,0.0
lni,1,0.0
dMF,1,0.0
Trun,1,0.0
D ma,1,0.0
Suu,1,0.0
ysa,1,0.0
7Tpv,1,0.0
Beef,1,0.0
MM95,1,0.0
falu,1,0.0
anja,1,0.0
dxKh,1,0.0
5ccks,1,0.0
0006A,1,0.0
ivbqd,1,0.0
mayb,1,0.0
sei,1,0.0
8F,1,0.0
4t0t,1,0.0
9CDBR,1,0.0
16b4,1,0.0
Dhol,1,0.0
95ov,1,0.0
2WI,1,0.0
HG86,1,0.0
5umymj,1,0.0
Id,1,0.0
A4qY,1,0.0
c3clz,1,0.0
astr,1,0.0
Yoga,1,0.0
PROC G,1,0.0
panp,1,0.0
d3bp,1,0.0
hk9,1,0.0
bDx,1,0.0
Y5ZP,1,0.0
k9H6,1,0.0
iR,1,0.0
cj5,1,0.0
ISPAY,1,0.0
d69u,1,0.0
pmc0I,1,0.0
Drai,1,0.0
WTbH,1,0.0
a2f7,1,0.0
Spor,1,0.0
5vmP,1,0.0
4keb,1,0.0
Uw,1,0.0
SPR,1,0.0
6g3f,1,0.0
311,1,0.0
sunny,1,0.0
Azee,1,0.0
Hpn,1,0.0
WLPS417,1,0.0
Orth,1,0.0
T3PR,1,0.0
Ak0u,1,0.0
a6z,1,0.0
f9d47,1,0.0
LgPd,1,0.0
rfs,1,0.0
9e661,1,0.0
hZ,1,0.0
Oils,1,0.0
Dr F,1,0.0
0006U,1,0.0
KT,1,0.0
arhq,1,0.0
Tbbt,1,0.0
set c,1,0.0
kqws,1,0.0
coke,1,0.0
UW,1,0.0
Depos,1,0.0
Ply,1,0.0
undefin,1,0.0
dHa,1,0.0
5go55h,1,0.0
1V,1,0.0
CC48,1,0.0
Mom,1,0.0
izp,1,0.0
Biux,1,0.0
key rem,1,0.0
5000b,1,0.0
SR7223,1,0.0
arhg,1,0.0
4f2,1,0.0
nlk,1,0.0
VqY,1,0.0
Shal,1,0.0
Duka,1,0.0
hz,1,0.0
Urv,1,0.0
Dile,1,0.0
5qnff1,1,0.0
2511,1,0.0
byin,1,0.0
yasw,1,0.0
P20109,1,0.0
TTKN,1,0.0
yCcU,1,0.0
xiTy,1,0.0
Jamk,1,0.0
cati,1,0.0
tap,1,0.0
Rj35,1,0.0
IPO,1,0.0
000Y3,1,0.0
6fyyh,1,0.0
0oh,1,0.0
kut,1,0.0
NUmC,1,0.0
ua,1,0.0
14r,1,0.0
MMU3,1,0.0
Dudh,1,0.0
bpf,1,0.0
Advance,1,0.0
BBBG,1,0.0
ffi,1,0.0
LOIZ,1,0.0
Grow,1,0.0
Xqyl,1,0.0
P20501,1,0.0
apr,1,0.0
3Np,1,0.0
D4vc,1,0.0
cco,1,0.0
zip,1,0.0
SRd4,1,0.0
BeYB,1,0.0
Yash,1,0.0
1ce,1,0.0
6a1,1,0.0
11y1,1,0.0
amru,1,0.0
MMTI,1,0.0
9ff3c,1,0.0
sf v,1,0.0
pudi,1,0.0
cCMT,1,0.0
kz2,1,0.0
8go0e,1,0.0
GL,1,0.0
kTAR,1,0.0
hzhh,1,0.0
navr,1,0.0
SAM,1,0.0
a09e,1,0.0
YO,1,0.0
x72FI,1,0.0
6fp,1,0.0
NhON,1,0.0
Padd,1,0.0
Rafi,1,0.0
morga,1,0.0
balc,1,0.0
vasa,1,0.0
ej,1,0.0
pI,1,0.0
m po,1,0.0
UWvqn,1,0.0
P20228,1,0.0
Xil,1,0.0
ce7c,1,0.0
P20249,1,0.0
blow,1,0.0
OQi0,1,0.0
CIxe,1,0.0
Macc,1,0.0
61vo,1,0.0
9436,1,0.0
UO2,1,0.0
P1989,1,0.0
8h6wu,1,0.0
0xtR,1,0.0
rCOH,1,0.0
5bgca,1,0.0
68i8,1,0.0
crepe,1,0.0
Ezee,1,0.0
xzK,1,0.0
WLTF463,1,0.0
L4,1,0.0
403P,1,0.0
Jale,1,0.0
ZW,1,0.0
mamm,1,0.0
P2020205,1,0.0
sQ,1,0.0
chu,1,0.0
fb4qn,1,0.0
swee,1,0.0
Kiso,1,0.0
HaqN,1,0.0
PKJZ,1,0.0
dddd,1,0.0
mJ,1,0.0
BgWQ,1,0.0
P2078426,1,0.0
sI,1,0.0
Nxnb,1,0.0
odIM,1,0.0
Ky4,1,0.0
u92,1,0.0
Yuva,1,0.0
aalu,1,0.0
Piyu,1,0.0
ZO,1,0.0
chat,1,0.0
Hr53,1,0.0
MM9X,1,0.0
uLua,1,0.0
Ridd,1,0.0
5s91,1,0.0
Chol,1,0.0
shep,1,0.0
1750,1,0.0
CLfZ,1,0.0
Swpt,1,0.0
face,1,0.0
CPn5,1,0.0
Fara,1,0.0
13xe,1,0.0
rA,1,0.0
bagi,1,0.0
shef,1,0.0
gb,1,0.0
fe1,1,0.0
a8u,1,0.0
2ce,1,0.0
pQ,1,0.0
stra,1,0.0
Dunz,1,0.0
blk,1,0.0
cE6b,1,0.0
nR,1,0.0
Tre,1,0.0
repi,1,0.0
er,1,0.0
c7q,1,0.0
x1,1,0.0
wxcg,1,0.0
Kanh,1,0.0
94NP,1,0.0
PZrM,1,0.0
P204108,1,0.0
0YKJ,1,0.0
13hf,1,0.0
fly as,1,0.0
55uh,1,0.0
c11bej,1,0.0
6500,1,0.0
cyzn,1,0.0
Q7,1,0.0
iam,1,0.0
rol,1,0.0
fall,1,0.0
88Mm,1,0.0
10th,1,0.0
stb,1,0.0
uNXS,1,0.0
a3M8x6,1,0.0
qY,1,0.0
soup,1,0.0
Notary,1,0.0
mY06JW81,1,0.0
uy,1,0.0
002G,1,0.0
j09j,1,0.0
Hake,1,0.0
Til,1,0.0
a2X3D6c,1,0.0
v9,1,0.0
62oz,1,0.0
Zea,1,0.0
516,1,0.0
adha,1,0.0
P207936,1,0.0
w1,1,0.0
Sajjak,1,0.0
Narn,1,0.0
BAEV,1,0.0
Atta,1,0.0
ChY7,1,0.0
typ,1,0.0
Ct,1,0.0
Lalit,1,0.0
a85c8f1f,1,0.0
HT,1,0.0
9500,1,0.0
2V,1,0.0
TbiR,1,0.0
5tid,1,0.0
IIFL,1,0.0
VW,1,0.0
1212,1,0.0
SeAu,1,0.0
Alp,1,0.0
jmU,1,0.0
Cab t,1,0.0
nasi,1,0.0
P20292,1,0.0
03W,1,0.0
C191,1,0.0
151S,1,0.0
xGEk,1,0.0
prag,1,0.0
UqYt,1,0.0
4vje,1,0.0
OBJ,1,0.0
SU0N,1,0.0
aEd9,1,0.0
sharoff,1,0.0
25o7i,1,0.0
Krish,1,0.0
SR0a,1,0.0
ij,1,0.0
pu g,1,0.0
1N,1,0.0
cgv,1,0.0
6Foq,1,0.0
Hira,1,0.0
i92s,1,0.0
Eid f,1,0.0
cK72,1,0.0
Hang,1,0.0
c9zw,1,0.0
INS,1,0.0
Top,1,0.0
Tg,1,0.0
VXBx,1,0.0
4s4,1,0.0
Bara,1,0.0
fWfT,1,0.0
Amla,1,0.0
Kl,1,0.0
Shoba,1,0.0
a6a3,1,0.0
5rur,1,0.0
fafbe,1,0.0
CQDA,1,0.0
NVHd,1,0.0
3032,1,0.0
hZE,1,0.0
u1a8,1,0.0
wI,1,0.0
001HR,1,0.0
2mah,1,0.0
Mosi,1,0.0
W1J5,1,0.0
kati,1,0.0
sngt,1,0.0
limb,1,0.0
46dA,1,0.0
cutt,1,0.0
kZ,1,0.0
0001V,1,0.0
rfg,1,0.0
ZyKGGJ,1,0.0
P20752,1,0.0
Tund,1,0.0
Navin,1,0.0
xhdh,1,0.0
P205266,1,0.0
191,1,0.0
P205151,1,0.0
jsep,1,0.0
440,1,0.0
ball,1,0.0
hqxW9,1,0.0
Esses,1,0.0
E2PP,1,0.0
PEJS,1,0.0
Ht,1,0.0
swui,1,0.0
SR5c,1,0.0
jR,1,0.0
azp,1,0.0
1001,1,0.0
Hapu,1,0.0
P6sQ,1,0.0
DncZ,1,0.0
Bale,1,0.0
Oid270,1,0.0
Yw,1,0.0
zmE1,1,0.0
net,1,0.0
s1,1,0.0
Chud,1,0.0
0002F,1,0.0
WLPF4244,1,0.0
qame,1,0.0
116,1,0.0
Aqua,1,0.0
61hr,1,0.0
Pil,1,0.0
Oksm,1,0.0
SIbP,1,0.0
T s,1,0.0
Deisa,1,0.0
Urig,1,0.0
MPMVF,1,0.0
SR45,1,0.0
Zo,1,0.0
P203347,1,0.0
61xq,1,0.0
143x,1,0.0
usa,1,0.0
pVTu,1,0.0
zZj,1,0.0
pakk,1,0.0
uta9,1,0.0
JUN,1,0.0
DT66,1,0.0
Under,1,0.0
tho,1,0.0
Shau,1,0.0
SRe5,1,0.0
Gang,1,0.0
Qur,1,0.0
ZjTB,1,0.0
j6Rj,1,0.0
byy,1,0.0
Zeen,1,0.0
PSO,1,0.0
rznw,1,0.0
patw,1,0.0
pata,1,0.0
Kailash,1,0.0
4F,1,0.0
Access,1,0.0
NiaJ,1,0.0
fcr,1,0.0
W7L,1,0.0
BZXH,1,0.0
TID,1,0.0
LPMC1,1,0.0
kred,1,0.0
Cre,1,0.0
Load Dig,1,0.0
c1c,1,0.0
Pres,1,0.0
ggx,1,0.0
zXVv,1,0.0
gQ,1,0.0
86VP,1,0.0
YSaea,1,0.0
lq,1,0.0
aivhw,1,0.0
wo4,1,0.0
ZIC,1,0.0
VSX1,1,0.0
9yzm,1,0.0
Herm,1,0.0
Vidu,1,0.0
sz,1,0.0
hshs,1,0.0
6fpj,1,0.0
sana,1,0.0
ih8V,1,0.0
P201681,1,0.0
k9dm,1,0.0
Entr,1,0.0
rohi,1,0.0
970,1,0.0
Cak,1,0.0
9g9s,1,0.0
aYf8,1,0.0
supa,1,0.0
SYYP,1,0.0
eEz,1,0.0
basw,1,0.0
Be0,1,0.0
TARU,1,0.0
6M19,1,0.0
P20498,1,0.0
basa,1,0.0
zJ,1,0.0
cy07,1,0.0
b58,1,0.0
Avdh,1,0.0
koth,1,0.0
uog7,1,0.0
zKom,1,0.0
Sela,1,0.0
dudi,1,0.0
6880,1,0.0
Yd,1,0.0
RD,1,0.0
622s8,1,0.0
5x80,1,0.0
pfja,1,0.0
J859,1,0.0
Skru,1,0.0
15dt,1,0.0
hMYy,1,0.0
Meat,1,0.0
khadv,1,0.0
50zh,1,0.0
12t,1,0.0
9sx,1,0.0
DrCW,1,0.0
wwXk,1,0.0
YyfB,1,0.0
SR42,1,0.0
Mith,1,0.0
dFVM,1,0.0
igqe,1,0.0
Vd,1,0.0
9E,1,0.0
Z7ia,1,0.0
Nave,1,0.0
Lath,1,0.0
8M,1,0.0
MSW0,1,0.0
6hq,1,0.0
000AR,1,0.0
13bj,1,0.0
HAj4,1,0.0
INVJ3U1,1,0.0
Kota,1,0.0
5aeq,1,0.0
1259,1,0.0
kI,1,0.0
Clin,1,0.0
lic,1,0.0
HZbb,1,0.0
ben,1,0.0
3qq8ky,1,0.0
gshe,1,0.0
Amr,1,0.0
PFHd,1,0.0
4024,1,0.0
C12G,1,0.0
crjt,1,0.0
qG0a,1,0.0
67n3,1,0.0
8ss20,1,0.0
vr25,1,0.0
trav,1,0.0
W4,1,0.0
6555,1,0.0
SPX9,1,0.0
Shad,1,0.0
Bijl,1,0.0
VYE4,1,0.0
blan,1,0.0
Mik,1,0.0
Back,1,0.0
c9d,1,0.0
NzFU,1,0.0
0u,1,0.0
P2016508,1,0.0
P4T69,1,0.0
2s3F,1,0.0
64bf,1,0.0
SRe2,1,0.0
hani,1,0.0
chkn,1,0.0
eyyj,1,0.0
jaye,1,0.0
0d9,1,0.0
SR10,1,0.0
0000J,1,0.0
item,1,0.0
tsmv,1,0.0
650o,1,0.0
14gk,1,0.0
csv9,1,0.0
iy,1,0.0
Take,1,0.0
Mandat,1,0.0
gvxh,1,0.0
MMO3,1,0.0
Ab m,1,0.0
KCnN,1,0.0
jays,1,0.0
ITR FILE,1,0.0
4kej,1,0.0
nlqt,1,0.0
mOD2,1,0.0
u2,1,0.0
JCO,1,0.0
iv1,1,0.0
1st of,1,0.0
hd A,1,0.0
nte,1,0.0
q1nT,1,0.0
0U,1,0.0
taek,1,0.0
deJ7,1,0.0
c6wn,1,0.0
1otl,1,0.0
18b,1,0.0
vina,1,0.0
till,1,0.0
hssu,1,0.0
9alr8,1,0.0
VD,1,0.0
ac7,1,0.0
2E,1,0.0
8cyu,1,0.0
8728,1,0.0
5m44,1,0.0
Cop,1,0.0
mx6oXW8,1,0.0
Deco,1,0.0
amim,1,0.0
IKz,1,0.0
aA,1,0.0
P20218,1,0.0
66m,1,0.0
RlfUB,1,0.0
LVN,1,0.0
BEG,1,0.0
003,1,0.0
mWxm,1,0.0
Adho,1,0.0
uj,1,0.0
Lgga,1,0.0
qlLV,1,0.0
Kano,1,0.0
G8bZ,1,0.0
ALLA,1,0.0
MmZF,1,0.0
P203108,1,0.0
7m9h,1,0.0
JnocP,1,0.0
shub,1,0.0
0010U,1,0.0
Poah,1,0.0
cho,1,0.0
AMT,1,0.0
emi m,1,0.0
vjc,1,0.0
Conf,1,0.0
B7g9,1,0.0
wSZ,1,0.0
oI,1,0.0
Aloo,1,0.0
Jqk,1,0.0
Hath,1,0.0
P2012,1,0.0
NES,1,0.0
000IE,1,0.0
b521,1,0.0
bikki,1,0.0
nEz,1,0.0
LXP8,1,0.0
Waq,1,0.0
09ceUC,1,0.0
zPr,1,0.0
U14,1,0.0
fulo,1,0.0
YD,1,0.0
godr,1,0.0
b44,1,0.0
csgl,1,0.0
P2065436,1,0.0
qJQb,1,0.0
Tae,1,0.0
RRwk,1,0.0
vips,1,0.0
arihant,1,0.0
5k3j,1,0.0
cxmy,1,0.0
flax,1,0.0
DB6Z,1,0.0
z2,1,0.0
gq,1,0.0
SR0f,1,0.0
kng,1,0.0
BJw4,1,0.0
Emba,1,0.0
chot,1,0.0
7CK4,1,0.0
6kiZ,1,0.0
bAl3,1,0.0
hnl0,1,0.0
9kxm,1,0.0
4600,1,0.0
7mAw,1,0.0
aka,1,0.0
uXB7,1,0.0
6i95v,1,0.0
ifs,1,0.0
XZrS,1,0.0
udh6,1,0.0
loaf,1,0.0
0ZF,1,0.0
Awga,1,0.0
3Vpe,1,0.0
66K,1,0.0
magn,1,0.0
0024,1,0.0
fy,1,0.0
Bijli,1,0.0
0054V,1,0.0
Mk h,1,0.0
4G1V,1,0.0
acco,1,0.0
Nkz,1,0.0
sB,1,0.0
xb,1,0.0
SPX6,1,0.0
a222,1,0.0
Biju,1,0.0
DG,1,0.0
eid,1,0.0
Og,1,0.0
690k,1,0.0
yBB5,1,0.0
Tonn,1,0.0
3e1n,1,0.0
TXNV,1,0.0
Qd,1,0.0
6999M,1,0.0
HEQL,1,0.0
Bloo,1,0.0
MM3M,1,0.0
LyW2,1,0.0
P20574,1,0.0
P20515,1,0.0
NpZ3,1,0.0
0iVi,1,0.0
rJ,1,0.0
21s2,1,0.0
B0s,1,0.0
pati,1,0.0
m9ld,1,0.0
lI,1,0.0
TXNR5,1,0.0
SWWH,1,0.0
WVrm,1,0.0
KZfx,1,0.0
Dil,1,0.0
pZ,1,0.0
xr9ydxn,1,0.0
gun,1,0.0
a5c1,1,0.0
doLY,1,0.0
YTp,1,0.0
tes,1,0.0
9llx,1,0.0
66x4,1,0.0
Annu,1,0.0
Deva,1,0.0
bear,1,0.0
Ahg,1,0.0
Tere,1,0.0
Mome,1,0.0
65tw,1,0.0
521,1,0.0
FW,1,0.0
elan,1,0.0
6m5,1,0.0
NMv046,1,0.0
mDEr1,1,0.0
y2,1,0.0
Musu,1,0.0
yPJJ,1,0.0
Usac,1,0.0
NEVC,1,0.0
IbC,1,0.0
4kIT,1,0.0
gvsb,1,0.0
2360,1,0.0
pOpY,1,0.0
Rhit,1,0.0
Jal,1,0.0
72q7d,1,0.0
hapt,1,0.0
c7vd4,1,0.0
FhQn,1,0.0
Y6B7,1,0.0
P20697,1,0.0
jame,1,0.0
ffg,1,0.0
6bs,1,0.0
NbCm,1,0.0
5kgg,1,0.0
J1zo,1,0.0
tz,1,0.0
kWM,1,0.0
EGV,1,0.0
Yv0,1,0.0
wSh,1,0.0
qJ2,1,0.0
bol,1,0.0
000MV,1,0.0
TID5,1,0.0
cuk8,1,0.0
Eb b,1,0.0
kYhgd,1,0.0
0M,1,0.0
Now,1,0.0
juse,1,0.0
hap,1,0.0
ZMDhb,1,0.0
vj,1,0.0
hK8k,1,0.0
Plw,1,0.0
PbPj,1,0.0
9md,1,0.0
OPGu,1,0.0
PFat,1,0.0
kmn,1,0.0
000UI,1,0.0
IWQ,1,0.0
bA,1,0.0
adra,1,0.0
QtRw,1,0.0
kata,1,0.0
NSMZ,1,0.0
AVI,1,0.0
MRgC,1,0.0
Traf,1,0.0
0274,1,0.0
Spar,1,0.0
usus,1,0.0
SVrm,1,0.0
hI,1,0.0
di78,1,0.0
91mn,1,0.0
MMNF,1,0.0
Tl,1,0.0
0m,1,0.0
Kapr,1,0.0
XGTg,1,0.0
Cano,1,0.0
Hotw,1,0.0
Kg,1,0.0
kadun aa,1,0.0
P20357,1,0.0
ugdl,1,0.0
qfi,1,0.0
ZkIG,1,0.0
Yymd,1,0.0
P20395,1,0.0
o9B,1,0.0
Scor,1,0.0
1e,1,0.0
LgyP,1,0.0
aikk,1,0.0
Sudh,1,0.0
DuWx,1,0.0
wtg0,1,0.0
r6ts,1,0.0
ride,1,0.0
cptr,1,0.0
P202804,1,0.0
wB,1,0.0
4g94l,1,0.0
SPMwoJwD,1,0.0
ATah,1,0.0
MATE,1,0.0
Utta,1,0.0
kani,1,0.0
Cer,1,0.0
R1e,1,0.0
Anus,1,0.0
cyd,1,0.0
3600,1,0.0
54bp,1,0.0
PVC p,1,0.0
khas,1,0.0
AC2J,1,0.0
Equi,1,0.0
T4,1,0.0
P203940,1,0.0
Wt,1,0.0
kl3,1,0.0
hY5b,1,0.0
7373M,1,0.0
pune,1,0.0
P20089,1,0.0
jd3,1,0.0
IqWF,1,0.0
cx3i,1,0.0
B2b,1,0.0
5ct0,1,0.0
MDy,1,0.0
3103,1,0.0
TDBA,1,0.0
Suka,1,0.0
jgn7,1,0.0
Kund,1,0.0
Narp,1,0.0
0Vzx,1,0.0
MylN,1,0.0
hb98,1,0.0
M454u,1,0.0
HBD,1,0.0
NPbo,1,0.0
001PN,1,0.0
B8or,1,0.0
3NjW,1,0.0
w9qr,1,0.0
lun,1,0.0
eY,1,0.0
SHIV,1,0.0
Mysh,1,0.0
ixo,1,0.0
0vpe,1,0.0
axfl7,1,0.0
NP50UJ,1,0.0
bihgro,1,0.0
Extra,1,0.0
sukh,1,0.0
i ph,1,0.0
Saty,1,0.0
attv,1,0.0
conv,1,0.0
Aaml,1,0.0
Xt,1,0.0
09ma,1,0.0
7U,1,0.0
MPMCA,1,0.0
3a8,1,0.0
Fw,1,0.0
NWZh,1,0.0
Bgp5,1,0.0
iUi,1,0.0
di66,1,0.0
QD,1,0.0
XfVZ,1,0.0
ciga,1,0.0
1204,1,0.0
2HRC,1,0.0
Dg,1,0.0
P20762,1,0.0
mummy,1,0.0
Ubai,1,0.0
Dr A,1,0.0
force,1,0.0
fA,1,0.0
God,1,0.0
0001U,1,0.0
P200447,1,0.0
nikk,1,0.0
Arso,1,0.0
ScaY,1,0.0
i8t3,1,0.0
Fari,1,0.0
55eu,1,0.0
physio,1,0.0
1758,1,0.0
djkc,1,0.0
ct8g,1,0.0
Gadd,1,0.0
ami,1,0.0
729r,1,0.0
Shrug,1,0.0
TT7L,1,0.0
stqc,1,0.0
6606,1,0.0
hetc,1,0.0
kurm,1,0.0
7905,1,0.0
mahad,1,0.0
DN1,1,0.0
635,1,0.0
3auX,1,0.0
75SE,1,0.0
close,1,0.0
rL,1,0.0
BKT,1,0.0
d8t,1,0.0
fsgs,1,0.0
43ye,1,0.0
Visi,1,0.0
lO,1,0.0
cabs,1,0.0
scDv,1,0.0
djxj,1,0.0
rLIlc,1,0.0
Bisw,1,0.0
Pump,1,0.0
BJzn,1,0.0
D8Ma,1,0.0
HnX1,1,0.0
kosa,1,0.0
xd,1,0.0
Mata,1,0.0
8vb5,1,0.0
lKRI,1,0.0
KBL,1,0.0
Gufr,1,0.0
PuJR,1,0.0
Oa,1,0.0
9eMm,1,0.0
anil,1,0.0
Ston,1,0.0
4YS,1,0.0
czua,1,0.0
Dyg6,1,0.0
Gtpl,1,0.0
FQ,1,0.0
thit,1,0.0
Set,1,0.0
bre,1,0.0
Kabu,1,0.0
XR,1,0.0
P2005360,1,0.0
CBRS,1,0.0
dw,1,0.0
R2SU,1,0.0
space A,1,0.0
Md A,1,0.0
pula,1,0.0
SQSNW,1,0.0
2TF,1,0.0
toy,1,0.0
bak,1,0.0
PbHJ,1,0.0
fqb2,1,0.0
50K,1,0.0
majl,1,0.0
x4p,1,0.0
Rz,1,0.0
V6Kx,1,0.0
110,1,0.0
mil,1,0.0
O9,1,0.0
Anwa,1,0.0
UpRl,1,0.0
98oo,1,0.0
emam,1,0.0
BgKO,1,0.0
Ly,1,0.0
7yu5,1,0.0
P20169,1,0.0
Seda,1,0.0
w6zd,1,0.0
bick,1,0.0
tkt,1,0.0
X5AW,1,0.0
YLTS,1,0.0
HY,1,0.0
Cy,1,0.0
lSpJ,1,0.0
wUh,1,0.0
VZ,1,0.0
uep1o,1,0.0
50mb,1,0.0
ZJV,1,0.0
0000O,1,0.0
NO DUES,1,0.0
cal,1,0.0
SR3c,1,0.0
TV R,1,0.0
WGYP,1,0.0
D5gF,1,0.0
Cent,1,0.0
Vc J,1,0.0
P2070740,1,0.0
cgj2,1,0.0
P20154,1,0.0
4o3wx,1,0.0
Qv73,1,0.0
cack,1,0.0
lik,1,0.0
OK63oJy,1,0.0
R6i,1,0.0
kw,1,0.0
P20196,1,0.0
SRbc,1,0.0
P20640,1,0.0
Brek,1,0.0
c5f,1,0.0
P20682,1,0.0
1448,1,0.0
cjv,1,0.0
purs,1,0.0
UPI2,1,0.0
heen,1,0.0
98nw,1,0.0
0dce8,1,0.0
if1d,1,0.0
62lx,1,0.0
Pens,1,0.0
Ai,1,0.0
Aap,1,0.0
JI,1,0.0
TJ,1,0.0
1983,1,0.0
9cEb,1,0.0
Bad,1,0.0
cO,1,0.0
KEz,1,0.0
doc,1,0.0
b514,1,0.0
vl,1,0.0
Anis,1,0.0
cyx,1,0.0
P20248,1,0.0
3c08,1,0.0
9u7i,1,0.0
math,1,0.0
vedio,1,0.0
BRj,1,0.0
viv,1,0.0
81rjj,1,0.0
bE7,1,0.0
Blb,1,0.0
pg1J,1,0.0
YySR,1,0.0
D8Y6,1,0.0
DUcS,1,0.0
sQ4,1,0.0
wSt,1,0.0
3cd,1,0.0
B5k8,1,0.0
X8Qwsl,1,0.0
Ere32,1,0.0
tab,1,0.0
61u,1,0.0
6iMp,1,0.0
45k,1,0.0
appa,1,0.0
P20494,1,0.0
RWS6,1,0.0
235,1,0.0
b9ox,1,0.0
XWPN,1,0.0
P204360,1,0.0
K9,1,0.0
kh9H,1,0.0
Vz,1,0.0
cofy,1,0.0
P204950,1,0.0
Jun,1,0.0
Urd,1,0.0
hrb,1,0.0
OjhZ,1,0.0
kaha,1,0.0
4aa,1,0.0
RkQ0,1,0.0
kW,1,0.0
d613,1,0.0
xtpm,1,0.0
P202888,1,0.0
c t,1,0.0
tula,1,0.0
YMH2,1,0.0
12fj,1,0.0
16f20b9,1,0.0
Khic,1,0.0
2r8Y,1,0.0
8S,1,0.0
490,1,0.0
cwr7,1,0.0
4f6c3d3,1,0.0
Ledi,1,0.0
2c2,1,0.0
Samm,1,0.0
4d48,1,0.0
ow,1,0.0
BQw,1,0.0
dW,1,0.0
4el,1,0.0
Liqc,1,0.0
8127,1,0.0
5f7a,1,0.0
byjc,1,0.0
UMtm,1,0.0
Fq,1,0.0
Sk f,1,0.0
Stee,1,0.0
zodj,1,0.0
59rid3,1,0.0
2wma,1,0.0
LY,1,0.0
9284,1,0.0
Sarg,1,0.0
amer s,1,0.0
B3cC,1,0.0
FYjj,1,0.0
5lev,1,0.0
XYU862,1,0.0
0RGs,1,0.0
Inst,1,0.0
d9x,1,0.0
7khq,1,0.0
aef5,1,0.0
SR8f,1,0.0
ECG,1,0.0
gJD5,1,0.0
Ples,1,0.0
6fb,1,0.0
c7g9,1,0.0
Gen,1,0.0
AH S,1,0.0
55cG,1,0.0
4K,1,0.0
000LX,1,0.0
cahn,1,0.0
60fvvl,1,0.0
Chiz,1,0.0
gur,1,0.0
Cove,1,0.0
priv,1,0.0
Zb,1,0.0
03Pz,1,0.0
bgw,1,0.0
5qkzjd,1,0.0
MMq0,1,0.0
cp29,1,0.0
OT A,1,0.0
cto7,1,0.0
fG,1,0.0
SR77,1,0.0
pquB,1,0.0
4k9g,1,0.0
4map,1,0.0
13el,1,0.0
hLo7,1,0.0
5ord,1,0.0
RREoY,1,0.0
63uv,1,0.0
Dy,1,0.0
Alle,1,0.0
Kuma,1,0.0
559w,1,0.0
ddfg,1,0.0
QZ,1,0.0
P201904,1,0.0
nIl,1,0.0
75M,1,0.0
psLf,1,0.0
Bred,1,0.0
EA0Z,1,0.0
OSu5,1,0.0
sahi,1,0.0
ju4a,1,0.0
tqe,1,0.0
000C1,1,0.0
Eq,1,0.0
Dent,1,0.0
rona,1,0.0
XvaG,1,0.0
yT,1,0.0
o7,1,0.0
k2Pb,1,0.0
LAQ,1,0.0
ceoj,1,0.0
Kurk,1,0.0
va4,1,0.0
4YuW,1,0.0
6ees,1,0.0
0ecd,1,0.0
P20399,1,0.0
Kph5,1,0.0
Y0e6,1,0.0
000SD,1,0.0
eG,1,0.0
P203099,1,0.0
NKQJeu,1,0.0
UPVC,1,0.0
9uyl,1,0.0
dash,1,0.0
Staf,1,0.0
mod,1,0.0
6d33z,1,0.0
Quali,1,0.0
budv,1,0.0
Den,1,0.0
9NLr,1,0.0
Piku,1,0.0
5yf,1,0.0
MI,1,0.0
2hmb,1,0.0
mota,1,0.0
madr,1,0.0
gdbd,1,0.0
Nnwn,1,0.0
P200840,1,0.0
dO,1,0.0
sowe,1,0.0
59r,1,0.0
PZWV,1,0.0
Tz1w,1,0.0
ngga,1,0.0
bota,1,0.0
Ken,1,0.0
HfA,1,0.0
Kwf1,1,0.0
Ii,1,0.0
uL,1,0.0
000R,1,0.0
5p98,1,0.0
Gaga,1,0.0
luckn,1,0.0
Zth6,1,0.0
gJig,1,0.0
pRAh,1,0.0
ZPVU,1,0.0
yDBb,1,0.0
Ober,1,0.0
tD,1,0.0
BpFk,1,0.0
5y3uf,1,0.0
SR2,1,0.0
BbQj,1,0.0
P2021756,1,0.0
jjWb,1,0.0
V gu,1,0.0
SWipTu,1,0.0
kur,1,0.0
a6vi,1,0.0
kash,1,0.0
Vb,1,0.0
vi3,1,0.0
s0i,1,0.0
fPF,1,0.0
d6d0,1,0.0
10we,1,0.0
RRyhk,1,0.0
RuHF,1,0.0
Bhus,1,0.0
I1,1,0.0
Tzp,1,0.0
8r4mbr,1,0.0
09nd,1,0.0
hW,1,0.0
NFuz,1,0.0
817,1,0.0
RR8FyP,1,0.0
8SbV,1,0.0
lxqo,1,0.0
3kQ,1,0.0
Vrd,1,0.0
Wall,1,0.0
jeva,1,0.0
t3ysdwT,1,0.0
bht,1,0.0
5iew,1,0.0
P2024040,1,0.0
Cock,1,0.0
hJ6Z,1,0.0
SR2b,1,0.0
adzw,1,0.0
2ANe,1,0.0
Tp2L,1,0.0
Beverag,1,0.0
bf8tqs,1,0.0
WLPS473,1,0.0
5oit,1,0.0
aef,1,0.0
priy,1,0.0
bpe8,1,0.0
Spir,1,0.0
sale,1,0.0
Seal,1,0.0
biha,1,0.0
SR78,1,0.0
0Dt,1,0.0
Hald,1,0.0
Moter,1,0.0
1j9,1,0.0
P207233,1,0.0
3twx,1,0.0
pedh,1,0.0
99874b,1,0.0
toll,1,0.0
CXp5py,1,0.0
2af,1,0.0
JFt,1,0.0
Aq,1,0.0
14ac,1,0.0
mPY0,1,0.0
7BZ,1,0.0
GIaU,1,0.0
R7tZ,1,0.0
C9,1,0.0
5cct,1,0.0
Nkyq,1,0.0
7369,1,0.0
6hbQ,1,0.0
fnD1,1,0.0
9512M,1,0.0
e6Oc,1,0.0
Gear,1,0.0
iNPf,1,0.0
Isrt,1,0.0
LwTi,1,0.0
Loans,1,0.0
HAND,1,0.0
Agri,1,0.0
0tBWF,1,0.0
MMF2,1,0.0
SUQT,1,0.0
bee5dn,1,0.0
3XO9,1,0.0
48c39,1,0.0
K1nE,1,0.0
9VSw,1,0.0
2XIo,1,0.0
wKau,1,0.0
hari,1,0.0
WJ,1,0.0
1lac,1,0.0
cyl,1,0.0
OK4w,1,0.0
Manp,1,0.0
Payt,1,0.0
HA,1,0.0
Arj,1,0.0
P203941,1,0.0
Samb,1,0.0
5k2ss,1,0.0
Aata,1,0.0
JQQ,1,0.0
sure,1,0.0
jg,1,0.0
P20170,1,0.0
CCPM,1,0.0
Munt,1,0.0
P20587,1,0.0
06hklR5,1,0.0
mnh,1,0.0
YB,1,0.0
our,1,0.0
nG,1,0.0
roti,1,0.0
CQLE6,1,0.0
BqcN,1,0.0
VZDV,1,0.0
3HCG,1,0.0
NNPv,1,0.0
Tract,1,0.0
64pa,1,0.0
QGgU2,1,0.0
kh9G,1,0.0
qYYP,1,0.0
Nad,1,0.0
oO,1,0.0
Payin,1,0.0
cDN7,1,0.0
lfh,1,0.0
XJ,1,0.0
W1aK,1,0.0
535,1,0.0
cler,1,0.0
FI,1,0.0
CCOQ,1,0.0
Dini,1,0.0
Qz,1,0.0
Head,1,0.0
24cz0p,1,0.0
jwel,1,0.0
8c07,1,0.0
EVvy,1,0.0
Oy,1,0.0
Mun,1,0.0
GU6s,1,0.0
XUU,1,0.0
Mess,1,0.0
cqt927,1,0.0
4ct9,1,0.0
Drin,1,0.0
4IZe,1,0.0
z4,1,0.0
WiFi,1,0.0
ad d,1,0.0
Nc n,1,0.0
6319,1,0.0
rT,1,0.0
pavb,1,0.0
4nwu,1,0.0
i0eo,1,0.0
4000,1,0.0
ix6,1,0.0
airp,1,0.0
S2,1,0.0
2355,1,0.0
ctqd,1,0.0
P202629,1,0.0
ama,1,0.0
P20230,1,0.0
M1,1,0.0
390,1,0.0
BQOx,1,0.0
aIiq,1,0.0
bonx,1,0.0
tci,1,0.0
Pip,1,0.0
Parsna,1,0.0
Nut,1,0.0
nexa,1,0.0
BfWD,1,0.0
Day5,1,0.0
Njp,1,0.0
sur,1,0.0
rG,1,0.0
P201792,1,0.0
mela,1,0.0
9g05e8,1,0.0
HSa2,1,0.0
G G,1,0.0
1id0,1,0.0
nira,1,0.0
d2bj,1,0.0
Laho,1,0.0
mzx,1,0.0
sO,1,0.0
G5I93,1,0.0
salt,1,0.0
D S,1,0.0
d6aA,1,0.0
Fgb,1,0.0
4ifj,1,0.0
ut33,1,0.0
65wc,1,0.0
jEi4,1,0.0
Manga,1,0.0
Mz,1,0.0
P204371,1,0.0
XY,1,0.0
Utcl,1,0.0
Same,1,0.0
bye,1,0.0
Sy,1,0.0
cAmd,1,0.0
Sams,1,0.0
kh8,1,0.0
SPewaA,1,0.0
MMMXC,1,0.0
Ghr,1,0.0
P20611,1,0.0
0000X,1,0.0
5y3i,1,0.0
Mana,1,0.0
P20219,1,0.0
NCuI,1,0.0
B1Af,1,0.0
Moan,1,0.0
69mv,1,0.0
nT,1,0.0
UK3n,1,0.0
hom,1,0.0
6UyG,1,0.0
N7Bc,1,0.0
3687,1,0.0
Lr,1,0.0
PfgSz,1,0.0
Piao,1,0.0
train t,1,0.0
aT,1,0.0
6pw,1,0.0
iis8,1,0.0
doy,1,0.0
VRRJ,1,0.0
iAW,1,0.0
Rns,1,0.0
oqq,1,0.0
Pete,1,0.0
Stamp P,1,0.0
bus ca,1,0.0
RRVF,1,0.0
STq,1,0.0
Rajs,1,0.0
Vani,1,0.0
9suh,1,0.0
3X,1,0.0
iRY,1,0.0
YSEZ,1,0.0
s9bI,1,0.0
hosp,1,0.0
P20287,1,0.0
lhx8,1,0.0
d08b,1,0.0
htd,1,0.0
04y6,1,0.0
Yo1R,1,0.0
wsn,1,0.0
8y1d,1,0.0
3Zsu,1,0.0
Guru,1,0.0
82nd,1,0.0
Mes,1,0.0
Mune,1,0.0
bnbb6,1,0.0
cheppal,1,0.0
SR98,1,0.0
INVLWC1,1,0.0
QWWI,1,0.0
8FY,1,0.0
Tosh,1,0.0
il,1,0.0
Crys,1,0.0
door B,1,0.0
T6Bx,1,0.0
e3s,1,0.0
2352,1,0.0
EMqo,1,0.0
SPZ,1,0.0
P20551,1,0.0
KJ,1,0.0
RdW5,1,0.0
BP14,1,0.0
dugd,1,0.0
Nade,1,0.0
PyGy8mk,1,0.0
Lug,1,0.0
Sasa,1,0.0
JB,1,0.0
seat,1,0.0
shru,1,0.0
a6r,1,0.0
chim,1,0.0
Subh,1,0.0
14pi,1,0.0
glVN,1,0.0
cD,1,0.0
o3Gc,1,0.0
bgA1,1,0.0
Cora,1,0.0
2292,1,0.0
1h,1,0.0
iRLc,1,0.0
fmLo,1,0.0
000R1,1,0.0
Hbd,1,0.0
9n0f,1,0.0
BHVL,1,0.0
Vad,1,0.0
bsb7,1,0.0
Lalu,1,0.0
1yhm2,1,0.0
afqn,1,0.0
49dD,1,0.0
14j9,1,0.0
dhard,1,0.0
N0VU,1,0.0
Fest,1,0.0
sankar a,1,0.0
PBL,1,0.0
Tip,1,0.0
9vup,1,0.0
m i,1,0.0
E7B67s,1,0.0
69yo,1,0.0
4vpxgd,1,0.0
Jb,1,0.0
e821,1,0.0
BgmQ,1,0.0
7TUI,1,0.0
2xp,1,0.0
coll,1,0.0
MM4C,1,0.0
Vq,1,0.0
WLPS4290,1,0.0
RRL,1,0.0
60fv,1,0.0
rMa,1,0.0
U1,1,0.0
madu,1,0.0
ntw,1,0.0
w58k,1,0.0
YcHH,1,0.0
bajr,1,0.0
0019,1,0.0
tax,1,0.0
P2051926,1,0.0
Fes,1,0.0
atif,1,0.0
B3h,1,0.0
di4,1,0.0
P2052974,1,0.0
1819,1,0.0
N3ZN,1,0.0
je9,1,0.0
7m4,1,0.0
8z8k,1,0.0
08,1,0.0
cpwp,1,0.0
ee9,1,0.0
SHEK,1,0.0
623w,1,0.0
5io5y5,1,0.0
fshd,1,0.0
Lcwh,1,0.0
176,1,0.0
agy,1,0.0
chiken,1,0.0
i9q,1,0.0
BgD,1,0.0
ifa,1,0.0
2cy,1,0.0
iq24,1,0.0
60g6,1,0.0
GjE,1,0.0
tfN,1,0.0
Ngvb,1,0.0
MU1,1,0.0
Z1,1,0.0
TLgd8,1,0.0
Kmg,1,0.0
P204979,1,0.0
Bhu,1,0.0
gejy,1,0.0
oven,1,0.0
6P,1,0.0
3cW3,1,0.0
Electr,1,0.0
SATMANT,1,0.0
Scr,1,0.0
btc,1,0.0
clay,1,0.0
nt,1,0.0
qakm,1,0.0
s7,1,0.0
P197517,1,0.0
bssb,1,0.0
Earth,1,0.0
NM1b,1,0.0
m4,1,0.0
QN8I,1,0.0
uyk,1,0.0
PyO1,1,0.0
rg,1,0.0
RASU,1,0.0
5y9,1,0.0
Eb,1,0.0
P20313,1,0.0
Z2j,1,0.0
57c6,1,0.0
uder,1,0.0
JIxu,1,0.0
1z1u,1,0.0
RRBe,1,0.0
Oid265,1,0.0
jgsE,1,0.0
COLLE,1,0.0
40ec,1,0.0
Jade,1,0.0
fxrr,1,0.0
YCS,1,0.0
ml,1,0.0
fL,1,0.0
Ba r,1,0.0
p7,1,0.0
Ifte,1,0.0
576m,1,0.0
n4,1,0.0
Jgv5,1,0.0
bqbm,1,0.0
FHGX,1,0.0
hale,1,0.0
Y1,1,0.0
fres,1,0.0
NdYb,1,0.0
Jiy,1,0.0
uma,1,0.0
cd2,1,0.0
eK74,1,0.0
Zq,1,0.0
G2,1,0.0
b7oy,1,0.0
owho,1,0.0
P2071627,1,0.0
4X,1,0.0
OkI,1,0.0
rJC,1,0.0
vPVw,1,0.0
bQhJ,1,0.0
ifu,1,0.0
6WU,1,0.0
m se,1,0.0
iv1hc,1,0.0
P2042716,1,0.0
5crq,1,0.0
9idh,1,0.0
KqLb,1,0.0
4bb9,1,0.0
kh9u,1,0.0
P2051960,1,0.0
qcuk,1,0.0
jaaa,1,0.0
M6yx,1,0.0
000FC,1,0.0
Nati,1,0.0
send,1,0.0
631i,1,0.0
HvH,1,0.0
79jo,1,0.0
6LMC,1,0.0
4zf,1,0.0
rota,1,0.0
NHVZ,1,0.0
Wfw9,1,0.0
Ljcm,1,0.0
Surd,1,0.0
mang,1,0.0
3U4,1,0.0
Saman,1,0.0
s4nM,1,0.0
vive,1,0.0
gara,1,0.0
dD,1,0.0
P2022230,1,0.0
3OCZ,1,0.0
37FX,1,0.0
zG,1,0.0
7Q31,1,0.0
urR7,1,0.0
te a,1,0.0
Lov,1,0.0
golu,1,0.0
M co,1,0.0
YX8l,1,0.0
8jpo,1,0.0
NhuX,1,0.0
OO7T,1,0.0
14zub,1,0.0
130h,1,0.0
ZJzx,1,0.0
Phil,1,0.0
uni f,1,0.0
kD,1,0.0
Skat,1,0.0
8Gvo,1,0.0
frk,1,0.0
Bgv,1,0.0
raju,1,0.0
0xQ,1,0.0
Merc,1,0.0
000C2,1,0.0
FmIk,1,0.0
CJ,1,0.0
5oyi,1,0.0
4bmqw3,1,0.0
u94e,1,0.0
salm,1,0.0
Jz,1,0.0
000EG,1,0.0
zaved,1,0.0
eye,1,0.0
Ac p,1,0.0
vix,1,0.0
5yxy9,1,0.0
Sear,1,0.0
Hall,1,0.0
66d3,1,0.0
bonw,1,0.0
SR8a,1,0.0
Plet,1,0.0
391H,1,0.0
L7Pb,1,0.0
5uphc,1,0.0
ctyzx,1,0.0
1300,1,0.0
a9pl,1,0.0
Pickl,1,0.0
ccxq,1,0.0
lWb3,1,0.0
WLPS371,1,0.0
AC f,1,0.0
TY,1,0.0
P20575,1,0.0
7xc,1,0.0
VfeL,1,0.0
laso,1,0.0
Baj,1,0.0
SRc2,1,0.0
lals,1,0.0
cike,1,0.0
1P,1,0.0
my t,1,0.0
3is3,1,0.0
fzhx,1,0.0
1m3,1,0.0
toys,1,0.0
unic,1,0.0
Visn,1,0.0
ww,1,0.0
000L,1,0.0
JMmUk8,1,0.0
kd,1,0.0
WvId,1,0.0
Palk,1,0.0
96doz0,1,0.0
3623,1,0.0
3RYi,1,0.0
2920,1,0.0
lvqa,1,0.0
cxoc,1,0.0
8r7gh,1,0.0
6VpG,1,0.0
xU9I,1,0.0
teen,1,0.0
199,1,0.0
n40b45,1,0.0
Xl b,1,0.0
n90a,1,0.0
2H,1,0.0
Pac,1,0.0
5vnv,1,0.0
juLL,1,0.0
1352,1,0.0
cf3w,1,0.0
P20261,1,0.0
VI,1,0.0
No Re,1,0.0
Cj,1,0.0
cyf9,1,0.0
8Q9,1,0.0
IM1,1,0.0
bKbC,1,0.0
Suit,1,0.0
shAm,1,0.0
Budw,1,0.0
My ne,1,0.0
SPN,1,0.0
upda,1,0.0
5m7n,1,0.0
P92,1,0.0
Wosh,1,0.0
0iq4h,1,0.0
BdFg,1,0.0
Dora,1,0.0
Adju,1,0.0
tow,1,0.0
YI,1,0.0
3950,1,0.0
nL,1,0.0
Pen,1,0.0
Obd,1,0.0
P20654,1,0.0
i ma,1,0.0
0abho,1,0.0
Stan,1,0.0
4v7i,1,0.0
P202725,1,0.0
xBCb,1,0.0
Kalu,1,0.0
qG,1,0.0
qPt,1,0.0
Uz98,1,0.0
Bwpc,1,0.0
Fxba,1,0.0
Lace,1,0.0
budh,1,0.0
FB,1,0.0
9r8r,1,0.0
9VpG,1,0.0
G0f,1,0.0
Qq,1,0.0
maty,1,0.0
ZQ,1,0.0
NzQb,1,0.0
R1,1,0.0
a4rv,1,0.0
5FOy,1,0.0
Or,1,0.0
kom,1,0.0
Maj,1,0.0
KF8,1,0.0
lXz,1,0.0
Bw18,1,0.0
gEI,1,0.0
g7KAi,1,0.0
fron,1,0.0
cale,1,0.0
WLPS396,1,0.0
NwBu,1,0.0
pack,1,0.0
bhur,1,0.0
uFCf,1,0.0
SRbd,1,0.0
P20140,1,0.0
P205665,1,0.0
Cam,1,0.0
4Z7,1,0.0
NOC,1,0.0
trig,1,0.0
Arjun D,1,0.0
4vr0v,1,0.0
EYjN,1,0.0
saha,1,0.0
5vpr,1,0.0
rupy,1,0.0
EZ,1,0.0
Idk,1,0.0
2hf9b,1,0.0
P20208,1,0.0
FV,1,0.0
Mv,1,0.0
93R,1,0.0
10xv,1,0.0
7V7,1,0.0
oP,1,0.0
h7w9,1,0.0
Bis,1,0.0
tiWB,1,0.0
adv J,1,0.0
SR26,1,0.0
qS,1,0.0
g0,1,0.0
stac,1,0.0
VRL L,1,0.0
gUb,1,0.0
exchan,1,0.0
maus,1,0.0
medica,1,0.0
n2S,1,0.0
G17772,1,0.0
WLPS423,1,0.0
Kore,1,0.0
Z6QP,1,0.0
V go,1,0.0
Porter,1,0.0
F3b,1,0.0
Md T,1,0.0
Ran,1,0.0
j0B,1,0.0
26u,1,0.0
comi,1,0.0
work,1,0.0
muke,1,0.0
Matt,1,0.0
vOF2,1,0.0
P20175,1,0.0
66aA,1,0.0
dBS,1,0.0
suha,1,0.0
rK,1,0.0
AJIO,1,0.0
c6k,1,0.0
2pwi,1,0.0
MTNs,1,0.0
lH,1,0.0
Heer,1,0.0
19P,1,0.0
sC,1,0.0
47j,1,0.0
pul,1,0.0
a20ub,1,0.0
Muj,1,0.0
EWkB,1,0.0
pKd,1,0.0
6x40,1,0.0
f3TD,1,0.0
apj2,1,0.0
8Gm5,1,0.0
f8avOAC,1,0.0
ehu7,1,0.0
matk,1,0.0
cxqu,1,0.0
BOnV,1,0.0
hpry,1,0.0
446e5,1,0.0
bnsD,1,0.0
JeA1,1,0.0
1980,1,0.0
7TEA,1,0.0
1St,1,0.0
2a3b,1,0.0
NXfp,1,0.0
karj,1,0.0
fone,1,0.0
hn1g,1,0.0
ahs9bj,1,0.0
mG6,1,0.0
dost,1,0.0
Camera,1,0.0
5qoi,1,0.0
EYul,1,0.0
xd6,1,0.0
0L,1,0.0
seth,1,0.0
Seel,1,0.0
Mist,1,0.0
NkEO,1,0.0
9KFA,1,0.0
5t4z,1,0.0
96aA,1,0.0
W blo,1,0.0
Z4ZN,1,0.0
Wor,1,0.0
SRb8,1,0.0
omle,1,0.0
Fg8l,1,0.0
d6jc,1,0.0
5ucq,1,0.0
0003O,1,0.0
Ur L,1,0.0
WtBR,1,0.0
5zju,1,0.0
MMMY,1,0.0
Koch,1,0.0
Maul,1,0.0
2L5,1,0.0
1786,1,0.0
IV,1,0.0
Nig,1,0.0
98q0,1,0.0
dAAQ,1,0.0
2260,1,0.0
C02606,1,0.0
T77,1,0.0
road,1,0.0
I l,1,0.0
kgt,1,0.0
2yv,1,0.0
aV2G,1,0.0
2kt,1,0.0
bLfd,1,0.0
ins0,1,0.0
Munn,1,0.0
42d3,1,0.0
Jell,1,0.0
E16,1,0.0
UpY2,1,0.0
0wGo1,1,0.0
SR6,1,0.0
aot,1,0.0
5109,1,0.0
BCYj,1,0.0
1Jl,1,0.0
65il,1,0.0
U9z,1,0.0
Fis,1,0.0
gzRl,1,0.0
7627,1,0.0
de4,1,0.0
BC A,1,0.0
PEFa,1,0.0
OQR,1,0.0
sk l,1,0.0
Asra,1,0.0
vxbd,1,0.0
93ac,1,0.0
4nxp,1,0.0
aman,1,0.0
calzr,1,0.0
3t,1,0.0
MAR,1,0.0
07j,1,0.0
Leed,1,0.0
Two w,1,0.0
VeEX,1,0.0
2605,1,0.0
Pg a,1,0.0
6uJa,1,0.0
ssjs,1,0.0
8306M,1,0.0
wC,1,0.0
1288,1,0.0
7821,1,0.0
Tyge,1,0.0
NwWJ,1,0.0
1da0c5,1,0.0
Kavo,1,0.0
TZnP,1,0.0
2359,1,0.0
uBJT,1,0.0
impl,1,0.0
4p4g,1,0.0
rqfm,1,0.0
pXag,1,0.0
510a,1,0.0
WvBs,1,0.0
RETU,1,0.0
rkw,1,0.0
Rafik,1,0.0
hu3,1,0.0
8752,1,0.0
BdS,1,0.0
Rout,1,0.0
KIRA,1,0.0
igrc,1,0.0
NmXA,1,0.0
9iz0,1,0.0
v5k,1,0.0
b890,1,0.0
000AG,1,0.0
gcvr,1,0.0
kail,1,0.0
Inc,1,0.0
Tama,1,0.0
fev,1,0.0
FrM7,1,0.0
Parki,1,0.0
2ejZ,1,0.0
Zu5,1,0.0
6Kkh,1,0.0
PJA,1,0.0
BAR,1,0.0
Df,1,0.0
Airc,1,0.0
9416,1,0.0
0490,1,0.0
208,1,0.0
SR8e,1,0.0
dsov,1,0.0
xbhJQ,1,0.0
Wai,1,0.0
QNK,1,0.0
uncl,1,0.0
Sabg,1,0.0
ap34ft,1,0.0
5y3,1,0.0
BoWf,1,0.0
fbf,1,0.0
cAmU,1,0.0
IEs1,1,0.0
l0,1,0.0
dP,1,0.0
Kmm,1,0.0
ABEJ,1,0.0
Banan,1,0.0
d06T,1,0.0
KVWY,1,0.0
4qra,1,0.0
Fv,1,0.0
DAKS,1,0.0
Gobi,1,0.0
rudr,1,0.0
6657,1,0.0
6702k,1,0.0
talp,1,0.0
b8w,1,0.0
Ms8h,1,0.0
NnsB,1,0.0
4sPv,1,0.0
eX,1,0.0
NyFA,1,0.0
dc3d,1,0.0
Ada,1,0.0
fVZ6,1,0.0
7Pz,1,0.0
SUND,1,0.0
TV r,1,0.0
P203757,1,0.0
RNK,1,0.0
iao,1,0.0
cygr,1,0.0
Gais,1,0.0
oCNL,1,0.0
WLPF37,1,0.0
6D,1,0.0
Soft,1,0.0
On c,1,0.0
Ge8JU,1,0.0
Sending,1,0.0
SM,1,0.0
Xm,1,0.0
8253,1,0.0
000FD,1,0.0
MMRJ,1,0.0
shwe,1,0.0
OMws,1,0.0
PNEL30,1,0.0
mx,1,0.0
mot,1,0.0
PHPm,1,0.0
A8Qk,1,0.0
2eY6,1,0.0
Govi,1,0.0
OzXn,1,0.0
sufi,1,0.0
F2RI,1,0.0
HCP,1,0.0
fedex,1,0.0
6979,1,0.0
b2p8,1,0.0
f1h,1,0.0
Bca9,1,0.0
3day,1,0.0
960,1,0.0
DG f,1,0.0
R6vd,1,0.0
F6,1,0.0
hafe,1,0.0
BcqX,1,0.0
4T,1,0.0
Hawa,1,0.0
NNJQ,1,0.0
UHBV,1,0.0
Pard,1,0.0
9455,1,0.0
Mous,1,0.0
P202524,1,0.0
byaj,1,0.0
ronN,1,0.0
9e50,1,0.0
gi p,1,0.0
WT13,1,0.0
eich,1,0.0
gi f,1,0.0
cente,1,0.0
Plas,1,0.0
yS,1,0.0
RR5M,1,0.0
FIlq,1,0.0
7b23,1,0.0
lp,1,0.0
5uGB23,1,0.0
AV,1,0.0
MPZ07,1,0.0
Plot,1,0.0
SR2a,1,0.0
0001T,1,0.0
8gym,1,0.0
awC7,1,0.0
WLPS449,1,0.0
Tris,1,0.0
153i,1,0.0
Rp4N,1,0.0
your,1,0.0
vS,1,0.0
P206674,1,0.0
mjvig,1,0.0
8SU,1,0.0
NZJo,1,0.0
tava,1,0.0
comf,1,0.0
TTBD,1,0.0
Bism,1,0.0
Ndu,1,0.0
N5j5,1,0.0
YfSD,1,0.0
JPM,1,0.0
didh,1,0.0
8qb,1,0.0
bracele,1,0.0
ci5g,1,0.0
zigz,1,0.0
domi,1,0.0
P0D,1,0.0
70ad,1,0.0
8088M,1,0.0
P2011756,1,0.0
Plo,1,0.0
12bj,1,0.0
Sbdn,1,0.0
16aA,1,0.0
000C5,1,0.0
b8ry,1,0.0
uK,1,0.0
cucu,1,0.0
kH,1,0.0
BWkx,1,0.0
Teta,1,0.0
5hsj,1,0.0
1S48,1,0.0
nons,1,0.0
hcZZ,1,0.0
tC,1,0.0
2288,1,0.0
63kq,1,0.0
SR29,1,0.0
Mirc,1,0.0
zDa4,1,0.0
1SBT,1,0.0
7yBV,1,0.0
Md a,1,0.0
68FP,1,0.0
QGid,1,0.0
Arpi,1,0.0
9gjay,1,0.0
IZO,1,0.0
idn,1,0.0
0004X,1,0.0
4ffjg,1,0.0
I4Ns,1,0.0
6c6,1,0.0
4gd563,1,0.0
BBNO,1,0.0
commiss,1,0.0
MSD,1,0.0
4lc,1,0.0
WM,1,0.0
vcd,1,0.0
Pmc,1,0.0
Memb,1,0.0
2D,1,0.0
Grip b,1,0.0
hor4,1,0.0
Boom,1,0.0
oyi4,1,0.0
Bg8Y,1,0.0
HF,1,0.0
SR82,1,0.0
508,1,0.0
SeF9,1,0.0
LaxR,1,0.0
4me1,1,0.0
Maal,1,0.0
IGNm,1,0.0
abf,1,0.0
9wOw,1,0.0
k0,1,0.0
Amna,1,0.0
1Fwv,1,0.0
617np,1,0.0
hp,1,0.0
000P9,1,0.0
u3,1,0.0
Nis,1,0.0
NCBz,1,0.0
0T,1,0.0
gNHy,1,0.0
H8M,1,0.0
JV,1,0.0
gos,1,0.0
YlZ,1,0.0
Av,1,0.0
Sam9,1,0.0
dcm,1,0.0
fgs,1,0.0
ok r,1,0.0
ZQma,1,0.0
P2030430,1,0.0
BBAj,1,0.0
am17,1,0.0
9271,1,0.0
cx3fdi,1,0.0
Akhi,1,0.0
Wxdl,1,0.0
VUd,1,0.0
XuPO,1,0.0
3z87,1,0.0
260,1,0.0
d22d5,1,0.0
c89tpi,1,0.0
d5sv,1,0.0
Ciaz,1,0.0
P20193,1,0.0
1584,1,0.0
Page,1,0.0
a20,1,0.0
4tvl,1,0.0
fm06,1,0.0
ywjw,1,0.0
N6bz,1,0.0
3B9B,1,0.0
NfCV,1,0.0
8hko,1,0.0
Kaila,1,0.0
801db,1,0.0
sush,1,0.0
P20559,1,0.0
jUe,1,0.0
lekI,1,0.0
4ct,1,0.0
aja,1,0.0
spin,1,0.0
Joot,1,0.0
PHb,1,0.0
JAR,1,0.0
Lf,1,0.0
wair,1,0.0
Cr8,1,0.0
Moom,1,0.0
Nc0B,1,0.0
gNY,1,0.0
bptn,1,0.0
0009W,1,0.0
toma,1,0.0
e01w,1,0.0
EIEa,1,0.0
MTZe,1,0.0
AKDb,1,0.0
SR9d,1,0.0
oH,1,0.0
XM,1,0.0
T0D,1,0.0
Sm,1,0.0
Sume,1,0.0
FN,1,0.0
Ayaz,1,0.0
Mn,1,0.0
exce,1,0.0
ashab,1,0.0
Stati,1,0.0
Vthe,1,0.0
RO J,1,0.0
jdjf,1,0.0
mMXY,1,0.0
AvyX,1,0.0
581,1,0.0
11th,1,0.0
TXNWSI,1,0.0
diam,1,0.0
cyco,1,0.0
001RW,1,0.0
3vU3,1,0.0
69mu,1,0.0
cfgo,1,0.0
KRsX,1,0.0
o1dy,1,0.0
G1773163,1,0.0
esvV,1,0.0
bank,1,0.0
fKJO1,1,0.0
P20119,1,0.0
3nAQ,1,0.0
D1XB,1,0.0
qX,1,0.0
Scan a,1,0.0
9M2C,1,0.0
WLTS444,1,0.0
pP,1,0.0
RCC,1,0.0
es,1,0.0
x0,1,0.0
Tusi,1,0.0
O5,1,0.0
003WY,1,0.0
O4Hu,1,0.0
Aima,1,0.0
5ffj,1,0.0
640h,1,0.0
3422,1,0.0
axPd,1,0.0
SRfd,1,0.0
Susp,1,0.0
RWB0,1,0.0
Pais,1,0.0
mK,1,0.0
uber c,1,0.0
brot,1,0.0
tw93,1,0.0
next,1,0.0
sH,1,0.0
ero5,1,0.0
000GX,1,0.0
P202792,1,0.0
industri,1,0.0
gali,1,0.0
pXpb,1,0.0
3D1p,1,0.0
Day6,1,0.0
its,1,0.0
4E8G,1,0.0
BFj5,1,0.0
J4Z,1,0.0
5luh,1,0.0
tost,1,0.0
Qn,1,0.0
4itbca,1,0.0
cI46,1,0.0
Prit,1,0.0
susy,1,0.0
qSwe2,1,0.0
Ors,1,0.0
medicin,1,0.0
P2011366,1,0.0
bK,1,0.0
belt,1,0.0
wuwu,1,0.0
b4lq,1,0.0
stud,1,0.0
lahs,1,0.0
Ac ser,1,0.0
SPvdbgm,1,0.0
K7f,1,0.0
0G,1,0.0
P20693,1,0.0
2351,1,0.0
u7t,1,0.0
htt,1,0.0
cC,1,0.0
tTpi,1,0.0
Bond,1,0.0
5xjf,1,0.0
5FER,1,0.0
Abis,1,0.0
Pine,1,0.0
P2024748,1,0.0
aS,1,0.0
yHLF,1,0.0
631e,1,0.0
0000H,1,0.0
w0,1,0.0
7sdws,1,0.0
2bC,1,0.0
P2046982,1,0.0
ins8,1,0.0
P20145,1,0.0
EMV,1,0.0
T8vzJ,1,0.0
Ayn,1,0.0
radh,1,0.0
P20124,1,0.0
82ezcy,1,0.0
2W,1,0.0
vunK,1,0.0
AHW,1,0.0
BPop,1,0.0
9303,1,0.0
Rajp,1,0.0
2o7Foh,1,0.0
a3qCUS,1,0.0
506,1,0.0
BeJG,1,0.0
16ep,1,0.0
steg,1,0.0
v8,1,0.0
MP09,1,0.0
Oto,1,0.0
RRdaYb,1,0.0
ankit,1,0.0
Dabh,1,0.0
000AD,1,0.0
yAnc,1,0.0
72l0Y,1,0.0
3cIV,1,0.0
sog,1,0.0
i8vd,1,0.0
f90,1,0.0
kT1,1,0.0
MRF,1,0.0
P2024528,1,0.0
Cor,1,0.0
dc386,1,0.0
kaba,1,0.0
2268,1,0.0
d4WL,1,0.0
92b,1,0.0
450,1,0.0
9qj4,1,0.0
r8hh,1,0.0
cgz,1,0.0
a6g8,1,0.0
Oj3L,1,0.0
elect,1,0.0
Asha,1,0.0
cali,1,0.0
Parc,1,0.0
Dama,1,0.0
pOfO,1,0.0
Ske,1,0.0
M4N,1,0.0
Sta,1,0.0
N7a,1,0.0
wH,1,0.0
Gaya,1,0.0
frot,1,0.0
5jwl,1,0.0
a6x2,1,0.0
1O25,1,0.0
hC,1,0.0
BnEP,1,0.0
pendin,1,0.0
kamh,1,0.0
Unif,1,0.0
Tf,1,0.0
0g,1,0.0
pie1,1,0.0
9m3a,1,0.0
5yfp,1,0.0
NmCc,1,0.0
muthoot,1,0.0
k6C,1,0.0
7kc1,1,0.0
5jwz,1,0.0
IUSL,1,0.0
9geyy,1,0.0
gC,1,0.0
d9bw,1,0.0
lc,1,0.0
ce01,1,0.0
Ds5H,1,0.0
6XWU,1,0.0
8vrs,1,0.0
shif,1,0.0
2E4a,1,0.0
MMC4,1,0.0
rwt,1,0.0
Wast,1,0.0
huktd,1,0.0
679q,1,0.0
Ee,1,0.0
Oid26,1,0.0
12b5,1,0.0
moja,1,0.0
QN,1,0.0
H1H,1,0.0
OsaJ,1,0.0
oEY,1,0.0
dbqf,1,0.0
5O,1,0.0
a4s,1,0.0
1804,1,0.0
lali,1,0.0
OM,1,0.0
Nzgm,1,0.0
xH,1,0.0
Gas H,1,0.0
Leav,1,0.0
W31L,1,0.0
fK,1,0.0
ZS3,1,0.0
esc5,1,0.0
mefi,1,0.0
id56,1,0.0
a2M6,1,0.0
BE2t,1,0.0
No re,1,0.0
Ishn,1,0.0
Orhr,1,0.0
Mirr,1,0.0
Pfc5,1,0.0
Subscri,1,0.0
Ranj,1,0.0
P20707,1,0.0
kalp,1,0.0
d0bd,1,0.0
Z6,1,0.0
44y5,1,0.0
wInO,1,0.0
denrxt,1,0.0
3UYf,1,0.0
LU,1,0.0
66nl,1,0.0
eWja,1,0.0
6W,1,0.0
Bici,1,0.0
8910,1,0.0
Mujj,1,0.0
naam,1,0.0
RV,1,0.0
ns,1,0.0
shys,1,0.0
eS,1,0.0
Tri,1,0.0
Vis,1,0.0
74U1,1,0.0
gOKa,1,0.0
o3oh,1,0.0
ICCWTr,1,0.0
G17693,1,0.0
Onkc,1,0.0
7728M,1,0.0
lw2f,1,0.0
Yn,1,0.0
Sola,1,0.0
6O,1,0.0
23ko,1,0.0
nwnN,1,0.0
RN,1,0.0
fado,1,0.0
hdfc,1,0.0
Raji,1,0.0
Verna,1,0.0
Din,1,0.0
Frt,1,0.0
wee,1,0.0
CC6g,1,0.0
jANFp,1,0.0
plz,1,0.0
VC N,1,0.0
AlbKb,1,0.0
BK96,1,0.0
9656a,1,0.0
Poh,1,0.0
Goli,1,0.0
Dal b,1,0.0
dC,1,0.0
Bhaw,1,0.0
urea,1,0.0
Lwr,1,0.0
3xs,1,0.0
r7kh,1,0.0
AMB,1,0.0
AFGh,1,0.0
NkOC,1,0.0
b2jv,1,0.0
sLdS,1,0.0
Ff43,1,0.0
Y6,1,0.0
000EW,1,0.0
2996,1,0.0
v6Qk,1,0.0
V7SF2,1,0.0
udar,1,0.0
ba1c,1,0.0
cab7b,1,0.0
degi05,1,0.0
l5Jm,1,0.0
Z2n,1,0.0
3Ak,1,0.0
rot,1,0.0
half,1,0.0
uRGW,1,0.0
Hite,1,0.0
mont,1,0.0
P2027119,1,0.0
dril,1,0.0
CHQ BOOK,1,0.0
750,1,0.0
azhzt4,1,0.0
vtvK,1,0.0
39ox,1,0.0
SR8b,1,0.0
ul2oS,1,0.0
6dhv,1,0.0
Y3bW,1,0.0
vX,1,0.0
VBi5,1,0.0
rX3O,1,0.0
4uq9,1,0.0
8ByGPSi6,1,0.0
7xfc,1,0.0
4ks2,1,0.0
H5,1,0.0
1mx1,1,0.0
Uv,1,0.0
nirm,1,0.0
dia,1,0.0
cyli,1,0.0
iXK,1,0.0
1400,1,0.0
ezN,1,0.0
nz2q,1,0.0
bMY,1,0.0
ckd,1,0.0
GvW3,1,0.0
24j,1,0.0
Ie,1,0.0
Bhop,1,0.0
mool,1,0.0
U8J5,1,0.0
w6af,1,0.0
000FS,1,0.0
OK69kKd,1,0.0
000V2,1,0.0
13nb,1,0.0
kKW4,1,0.0
kC,1,0.0
Kiak,1,0.0
000HL,1,0.0
8bv,1,0.0
9923,1,0.0
band,1,0.0
hdhr,1,0.0
dri4,1,0.0
myj81,1,0.0
ciqx,1,0.0
ToJx,1,0.0
Gama,1,0.0
zaka,1,0.0
45u,1,0.0
J6JY,1,0.0
DUP BOOK,1,0.0
QCe,1,0.0
0cd1,1,0.0
Coli,1,0.0
laco,1,0.0
a1f,1,0.0
9290b,1,0.0
MH09,1,0.0
ch3as4,1,0.0
WlG,1,0.0
1999,1,0.0
kc,1,0.0
1mb9,1,0.0
PVSL,1,0.0
cxpj,1,0.0
x729,1,0.0
Past,1,0.0
Chand,1,0.0
AP17,1,0.0
Dalpa,1,0.0
P20100,1,0.0
25f,1,0.0
ss r,1,0.0
3G,1,0.0
P20508,1,0.0
star,1,0.0
DN1ardos,1,0.0
VN,1,0.0
cart,1,0.0
000Y,1,0.0
d158,1,0.0
ViDZ,1,0.0
sclc,1,0.0
Shubha,1,0.0
fgAs,1,0.0
sugo,1,0.0
Hlo m,1,0.0
cfb,1,0.0
Ehe,1,0.0
SPyV,1,0.0
000O,1,0.0
PjyM,1,0.0
jk,1,0.0
BOWa,1,0.0
carb,1,0.0
Pas,1,0.0
VHXY,1,0.0
nasto,1,0.0
my a,1,0.0
u8,1,0.0
3jW,1,0.0
physi,1,0.0
jOoO,1,0.0
MM5A,1,0.0
KU,1,0.0
P20614,1,0.0
C5,1,0.0
NXwz,1,0.0
UV,1,0.0
pNIT,1,0.0
EE2,1,0.0
8x37,1,0.0
vfkm,1,0.0
Mate,1,0.0
2kg c,1,0.0
bS,1,0.0
9971,1,0.0
On Be,1,0.0
Hafta,1,0.0
MM6EA,1,0.0
j3,1,0.0
Gahu,1,0.0
000NP,1,0.0
1KH,1,0.0
6c7e9,1,0.0
nails,1,0.0
tfgg,1,0.0
vzbx,1,0.0
L5,1,0.0
450m,1,0.0
8WWY,1,0.0
P2014331,1,0.0
Ou,1,0.0
Miss,1,0.0
BPz0,1,0.0
P205970,1,0.0
bG8,1,0.0
P20240,1,0.0
L7Kq,1,0.0
CYKn,1,0.0
MPMHD,1,0.0
towa,1,0.0
622u,1,0.0
vBsV,1,0.0
L an,1,0.0
pach,1,0.0
bnle,1,0.0
Dor,1,0.0
Didi,1,0.0
PG f,1,0.0
681,1,0.0
bisl,1,0.0
1987,1,0.0
bhug,1,0.0
nBNA,1,0.0
9602,1,0.0
nZJn,1,0.0
64z9,1,0.0
xf32,1,0.0
Nan,1,0.0
dali,1,0.0
almi,1,0.0
9Dyj1,1,0.0
P2034869,1,0.0
p9Df,1,0.0
YN,1,0.0
976a,1,0.0
dcif,1,0.0
4dn9,1,0.0
e8sf,1,0.0
NCY,1,0.0
9ow,1,0.0
WU7h,1,0.0
IW1O,1,0.0
Huvu,1,0.0
Rece,1,0.0
NBPZ,1,0.0
luck,1,0.0
N0YF,1,0.0
LrJD,1,0.0
Hjb8,1,0.0
P200968,1,0.0
XF,1,0.0
935p,1,0.0
pmv,1,0.0
JMM3,1,0.0
cn4b,1,0.0
Nu1w,1,0.0
condona,1,0.0
P20081,1,0.0
XwS4,1,0.0
wtgz,1,0.0
MC,1,0.0
589,1,0.0
9033M,1,0.0
CoIu,1,0.0
IB5h,1,0.0
myse,1,0.0
2d5c,1,0.0
MM71,1,0.0
Udi,1,0.0
aW2y,1,0.0
dcee,1,0.0
masji,1,0.0
suj,1,0.0
biol,1,0.0
pn,1,0.0
4YQ,1,0.0
satt,1,0.0
isk,1,0.0
Buff,1,0.0
kIb0,1,0.0
Sev,1,0.0
eM,1,0.0
Sila,1,0.0
Yh,1,0.0
RRDGW,1,0.0
LK,1,0.0
zZ7roa,1,0.0
prak,1,0.0
SmW,1,0.0
w3s7,1,0.0
QEq5,1,0.0
Drink ti,1,0.0
5t8h,1,0.0
pPY,1,0.0
X8,1,0.0
gbraf,1,0.0
ticke,1,0.0
rit,1,0.0
gas c,1,0.0
nase,1,0.0
au2b,1,0.0
PmC,1,0.0
4d3,1,0.0
266,1,0.0
Indu,1,0.0
mint,1,0.0
Naba,1,0.0
6125,1,0.0
Ojas,1,0.0
N9CbF,1,0.0
SRa5,1,0.0
spon,1,0.0
5s7,1,0.0
WO5x,1,0.0
RcQ2,1,0.0
0006E,1,0.0
NYTm,1,0.0
Nar,1,0.0
NVeA,1,0.0
Uos,1,0.0
c4rkvp,1,0.0
OS,1,0.0
5wee,1,0.0
Y0,1,0.0
Ds,1,0.0
Xcj,1,0.0
Zp,1,0.0
6ic5,1,0.0
G3,1,0.0
c1hz,1,0.0
wV,1,0.0
Octob,1,0.0
Tren,1,0.0
iU,1,0.0
P20303,1,0.0
Dr S,1,0.0
H3,1,0.0
xK8g,1,0.0
6bg1,1,0.0
Ks,1,0.0
CaLmW,1,0.0
i7mz5,1,0.0
a891d,1,0.0
97M,1,0.0
ras,1,0.0
jayn,1,0.0
Qtqg,1,0.0
cgx1,1,0.0
cgjqp,1,0.0
jQn,1,0.0
UP25,1,0.0
UBSN,1,0.0
bags,1,0.0
Ramo,1,0.0
i8wf4c,1,0.0
CcznRX,1,0.0
Keri,1,0.0
SR1c,1,0.0
Lebe,1,0.0
slid,1,0.0
Aart,1,0.0
SOF,1,0.0
CWnN,1,0.0
WU7sE,1,0.0
Wwda,1,0.0
P2024762,1,0.0
Hk,1,0.0
maya,1,0.0
Dhoo,1,0.0
Poor,1,0.0
POR,1,0.0
NrZ,1,0.0
2aGU,1,0.0
auro,1,0.0
8A,1,0.0
cond,1,0.0
RESB,1,0.0
d5tx,1,0.0
breakfa,1,0.0
B9QU,1,0.0
150G,1,0.0
mai,1,0.0
uF,1,0.0
Rika,1,0.0
kRt,1,0.0
qS4,1,0.0
dQ8,1,0.0
P20660,1,0.0
VH,1,0.0
masj,1,0.0
Clie,1,0.0
HK,1,0.0
DTg,1,0.0
usan,1,0.0
600j,1,0.0
Ck,1,0.0
42y,1,0.0
gfps,1,0.0
upbj,1,0.0
0YQ,1,0.0
tn,1,0.0
Dwar,1,0.0
62tf,1,0.0
000JR,1,0.0
RUKk,1,0.0
a8W,1,0.0
han,1,0.0
5rw6gn,1,0.0
Uv4e,1,0.0
cnbr,1,0.0
P2033042,1,0.0
Kirt,1,0.0
TXN2T,1,0.0
Jul,1,0.0
000DM,1,0.0
0AB9698,1,0.0
DDR,1,0.0
FTRX,1,0.0
4rujio,1,0.0
mitan,1,0.0
f52,1,0.0
5fey,1,0.0
1551,1,0.0
PhzJ,1,0.0
189,1,0.0
5yay,1,0.0
wCC,1,0.0
99p,1,0.0
PGQx,1,0.0
59ez,1,0.0
Hiva,1,0.0
Jeevitha,1,0.0
Au8v,1,0.0
Y15h,1,0.0
A2Jx,1,0.0
T3ZZ,1,0.0
fc2d,1,0.0
Qari Mu,1,0.0
iu,1,0.0
000B8,1,0.0
zq47,1,0.0
aOcZ,1,0.0
wv,1,0.0
Hel,1,0.0
NYOG,1,0.0
bl f,1,0.0
1863,1,0.0
MMJX,1,0.0
sunn,1,0.0
Kir,1,0.0
Gaa,1,0.0
bwv9,1,0.0
8mQvG,1,0.0
awrb,1,0.0
P2011611,1,0.0
aGME,1,0.0
Ghag,1,0.0
djal,1,0.0
PR0,1,0.0
ihhi,1,0.0
Alt,1,0.0
tapa,1,0.0
dhdu,1,0.0
NoNz,1,0.0
1424,1,0.0
oGDn,1,0.0
fags,1,0.0
71o0,1,0.0
5okm,1,0.0
Licv,1,0.0
S8,1,0.0
GARu,1,0.0
Wego,1,0.0
Secu,1,0.0
gems,1,0.0
AN4,1,0.0
g5d,1,0.0
Pot,1,0.0
330,1,0.0
Naram,1,0.0
mw7,1,0.0
ECE,1,0.0
marr,1,0.0
4su5,1,0.0
ITR,1,0.0
v2i,1,0.0
9435,1,0.0
cou,1,0.0
xv,1,0.0
frie,1,0.0
q5y5,1,0.0
ykc9cBt,1,0.0
happ,1,0.0
zf,1,0.0
HDF,1,0.0
oE,1,0.0
I7hc,1,0.0
feta,1,0.0
H6z0d,1,0.0
8mma,1,0.0
Mc,1,0.0
LlA,1,0.0
FC,1,0.0
3t4,1,0.0
Lk,1,0.0
jmw,1,0.0
03u,1,0.0
rahd,1,0.0
gan,1,0.0
reti,1,0.0
Gras,1,0.0
B158,1,0.0
N1Fu,1,0.0
Eart,1,0.0
blo,1,0.0
User,1,0.0
pAt,1,0.0
6jqQ,1,0.0
Yhgx,1,0.0
x6,1,0.0
Ahm,1,0.0
MMOC,1,0.0
maa h,1,0.0
dhan,1,0.0
175G,1,0.0
mVYl,1,0.0
rVSU,1,0.0
Rabi,1,0.0
9JRi,1,0.0
Ls,1,0.0
8sd8,1,0.0
0nus6Wk,1,0.0
611c0,1,0.0
Sk9C,1,0.0
gud,1,0.0
Fb f,1,0.0
BFD,1,0.0
5xb1,1,0.0
17th,1,0.0
KUMA,1,0.0
rp9a,1,0.0
Veet,1,0.0
talltre,1,0.0
OwjdW,1,0.0
4qd,1,0.0
1ts7,1,0.0
pghN,1,0.0
Hyat,1,0.0
fgzd,1,0.0
Land,1,0.0
dan,1,0.0
sN,1,0.0
3521,1,0.0
T36E,1,0.0
NONu,1,0.0
xn,1,0.0
kesa,1,0.0
IE4F,1,0.0
Tru,1,0.0
T7tm,1,0.0
17k,1,0.0
fresh,1,0.0
jaya,1,0.0
ARP91,1,0.0
003J,1,0.0
8rbk,1,0.0
MEVk,1,0.0
SR14,1,0.0
Dr f,1,0.0
proc,1,0.0
1HFH,1,0.0
chaw,1,0.0
dmd,1,0.0
Ryic,1,0.0
jai,1,0.0
ij6,1,0.0
rF,1,0.0
Edcx,1,0.0
veget,1,0.0
Tfkb,1,0.0
eHb,1,0.0
4p31,1,0.0
rjy6,1,0.0
EMN6,1,0.0
Ful,1,0.0
yf,1,0.0
cs8o,1,0.0
Pram,1,0.0
PB7,1,0.0
Q0Q,1,0.0
nI03,1,0.0
a282,1,0.0
CGTMSE,1,0.0
1CC6,1,0.0
64eksa,1,0.0
P20558,1,0.0
Oxy,1,0.0
hKFNd2,1,0.0
5xsd,1,0.0
0009E,1,0.0
Gaut,1,0.0
chop,1,0.0
cE,1,0.0
dec,1,0.0
INVO,1,0.0
Pone,1,0.0
SR0b,1,0.0
cu0v,1,0.0
4jmt,1,0.0
M3B,1,0.0
wn,1,0.0
kan,1,0.0
Gher,1,0.0
4233,1,0.0
dd4i,1,0.0
Aali,1,0.0
bM,1,0.0
ACDY,1,0.0
bpam94,1,0.0
Bric,1,0.0
Bo94,1,0.0
dHe,1,0.0
simi,1,0.0
815,1,0.0
DHL,1,0.0
P20686,1,0.0
Gau,1,0.0
bhvt,1,0.0
FEDER,1,0.0
Mehnd,1,0.0
P20625,1,0.0
undefi,1,0.0
YsVj,1,0.0
Cont,1,0.0
CUj4,1,0.0
rAg,1,0.0
P203868,1,0.0
lck,1,0.0
vadap,1,0.0
566,1,0.0
7270,1,0.0
Couri,1,0.0
di8,1,0.0
Panc,1,0.0
FC2,1,0.0
crac,1,0.0
651e,1,0.0
grey,1,0.0
zr7EqM,1,0.0
Hiba,1,0.0
0FSld,1,0.0
AphC,1,0.0
i5,1,0.0
paneer,1,0.0
ICE,1,0.0
8c6c,1,0.0
T3NL,1,0.0
BqM1,1,0.0
form,1,0.0
VP,1,0.0
r8d3,1,0.0
6e8,1,0.0
SRab,1,0.0
blue,1,0.0
uchi,1,0.0
oi8,1,0.0
8MO,1,0.0
bayuf,1,0.0
dglf,1,0.0
musa,1,0.0
rag,1,0.0
cud,1,0.0
FtVw,1,0.0
d5og,1,0.0
s16,1,0.0
d37p,1,0.0
Bord,1,0.0
x5nx,1,0.0
BHgp,1,0.0
K3,1,0.0
goa,1,0.0
gddh,1,0.0
qqa4,1,0.0
late,1,0.0
U0,1,0.0
9wee,1,0.0
8b26c,1,0.0
tV,1,0.0
fPQO,1,0.0
sig,1,0.0
jU,1,0.0
GA49,1,0.0
CiTYD,1,0.0
P20327,1,0.0
pefD,1,0.0
P204910,1,0.0
YhwDwZ,1,0.0
P20384,1,0.0
crt,1,0.0
biuk,1,0.0
8d3b,1,0.0
BKkk,1,0.0
5khe,1,0.0
BGYy,1,0.0
BXj,1,0.0
doub,1,0.0
XeQc,1,0.0
e2262,1,0.0
May S,1,0.0
8dJI,1,0.0
dhe,1,0.0
Nahe,1,0.0
Uh,1,0.0
shai,1,0.0
goat,1,0.0
UMAU,1,0.0
0ez,1,0.0
Snake c,1,0.0
c6m,1,0.0
13b6,1,0.0
Marb,1,0.0
4coll,1,0.0
jeWu,1,0.0
ce69,1,0.0
133n,1,0.0
fM,1,0.0
vdwy,1,0.0
HP ba,1,0.0
8wmnls,1,0.0
45fd,1,0.0
puj,1,0.0
rf,1,0.0
RfO7,1,0.0
P20773,1,0.0
P20712,1,0.0
5ut2,1,0.0
aai,1,0.0
YtXJJj,1,0.0
qOh,1,0.0
iwKh,1,0.0
6wee,1,0.0
SR46,1,0.0
P20067,1,0.0
LS,1,0.0
cate,1,0.0
CU01,1,0.0
Yp,1,0.0
Tanu,1,0.0
zld7,1,0.0
MPMUF,1,0.0
14bm,1,0.0
p0dH,1,0.0
toot,1,0.0
eU,1,0.0
0001F,1,0.0
Y85N,1,0.0
0jm,1,0.0
BjN,1,0.0
fqtj,1,0.0
pv,1,0.0
zFE,1,0.0
Nml,1,0.0
psk w,1,0.0
bvps,1,0.0
8Yw,1,0.0
aku1,1,0.0
3Uw1,1,0.0
7108,1,0.0
mase,1,0.0
MMZT,1,0.0
afy,1,0.0
pada,1,0.0
ixe,1,0.0
eidi,1,0.0
us84w,1,0.0
NjcD,1,0.0
gkl,1,0.0
BdNd,1,0.0
SX,1,0.0
BXk4,1,0.0
sell,1,0.0
Porter f,1,0.0
Nava,1,0.0
G17812,1,0.0
IPA6,1,0.0
dudj,1,0.0
hDGA,1,0.0
IMwV,1,0.0
Xk,1,0.0
Watc,1,0.0
lodg,1,0.0
i9ip4o,1,0.0
hoo,1,0.0
P20390,1,0.0
132q,1,0.0
LC4Q,1,0.0
AjT,1,0.0
JUP,1,0.0
IiYB,1,0.0
Naw0,1,0.0
P20798,1,0.0
rin,1,0.0
aob9fr,1,0.0
5AYl,1,0.0
12je,1,0.0
Hone,1,0.0
017Cs,1,0.0
dR0G,1,0.0
N5Zf,1,0.0
c62,1,0.0
Drum,1,0.0
AMNS,1,0.0
jami,1,0.0
zc2k,1,0.0
valv,1,0.0
uWAc,1,0.0
afw,1,0.0
QfUU,1,0.0
qUxd,1,0.0
5NOb,1,0.0
F0,1,0.0
MMDA,1,0.0
Doda,1,0.0
Inter,1,0.0
R2606,1,0.0
l9SV,1,0.0
DSC Cha,1,0.0
haTdU,1,0.0
Y1M1,1,0.0
JWE6,1,0.0
5rjj,1,0.0
P2029869,1,0.0
6186,1,0.0
Exp,1,0.0
Rd2x,1,0.0
xZA,1,0.0
S17,1,0.0
idsz,1,0.0
cjo4,1,0.0
evening,1,0.0
Tuitio,1,0.0
0MiF,1,0.0
Sel,1,0.0
t7ab,1,0.0
iZdJ,1,0.0
C6J,1,0.0
Badal,1,0.0
tck,1,0.0
624c,1,0.0
Edge,1,0.0
zPlGb,1,0.0
MMT6,1,0.0
JAN,1,0.0
Kj1O,1,0.0
Hgg,1,0.0
C20,1,0.0
P205603,1,0.0
JhhD04,1,0.0
afwt,1,0.0
900,1,0.0
G8,1,0.0
yk s,1,0.0
oW0e,1,0.0
oapa,1,0.0
kuti,1,0.0
4vrik,1,0.0
v8L3,1,0.0
6XUJ0m,1,0.0
S0IL,1,0.0
Mamo,1,0.0
kRYo,1,0.0
H8,1,0.0
DR0,1,0.0
Shag,1,0.0
igas,1,0.0
apri,1,0.0
zQHN,1,0.0
000J8,1,0.0
Kx,1,0.0
Ggg,1,0.0
Boc6,1,0.0
mas,1,0.0
3ubo,1,0.0
Jlqh,1,0.0
11we,1,0.0
tr v,1,0.0
ucl,1,0.0
MM3W,1,0.0
He10812,1,0.0
Blou,1,0.0
s5Bt,1,0.0
7so,1,0.0
Rink,1,0.0
idr,1,0.0
mqa4,1,0.0
0r,1,0.0
41ed,1,0.0
HPn1,1,0.0
lq9Q,1,0.0
I0,1,0.0
iFE,1,0.0
NgW8,1,0.0
bamf,1,0.0
hiP8,1,0.0
1z5lo,1,0.0
8zFB,1,0.0
mumb,1,0.0
P201281,1,0.0
zZjp,1,0.0
Gupc,1,0.0
tE,1,0.0
Littl,1,0.0
bsjd,1,0.0
mast,1,0.0
f7fe,1,0.0
c46u,1,0.0
9Jp,1,0.0
ks3,1,0.0
bull,1,0.0
8J,1,0.0
fiod,1,0.0
SR41,1,0.0
Rahe,1,0.0
125,1,0.0
NWg,1,0.0
raya,1,0.0
7538,1,0.0
cfd,1,0.0
Tand,1,0.0
8pba,1,0.0
d2ad,1,0.0
Mjwo,1,0.0
Nail,1,0.0
laze,1,0.0
001I7,1,0.0
62eui,1,0.0
gbi,1,0.0
Fb a,1,0.0
lxrp,1,0.0
efw,1,0.0
1y0zz,1,0.0
Roma,1,0.0
MMPX,1,0.0
X9Vy,1,0.0
Pooja,1,0.0
P20571,1,0.0
stre,1,0.0
jf,1,0.0
H4yT,1,0.0
P20179,1,0.0
9fe0,1,0.0
Dood,1,0.0
nkq,1,0.0
i6k3,1,0.0
beti,1,0.0
syYL,1,0.0
6e6,1,0.0
30kho,1,0.0
c33,1,0.0
FKL,1,0.0
Satu,1,0.0
4ug,1,0.0
Trus,1,0.0
NVk,1,0.0
RR7I,1,0.0
tOXD,1,0.0
4IRE,1,0.0
NkXN,1,0.0
C8,1,0.0
Civi,1,0.0
Ryir,1,0.0
3tY,1,0.0
1208,1,0.0
P201897,1,0.0
Praj,1,0.0
Nasr,1,0.0
Z7lfa,1,0.0
GA0P,1,0.0
Machi,1,0.0
000IA,1,0.0
Ab n,1,0.0
ohk,1,0.0
Gadh,1,0.0
Pls,1,0.0
Tues,1,0.0
P205700,1,0.0
dcdc,1,0.0
Fars,1,0.0
P20265,1,0.0
cV,1,0.0
mehno,1,0.0
qSMm,1,0.0
P2016,1,0.0
5twr,1,0.0
2yLm,1,0.0
daal,1,0.0
cXyO,1,0.0
P200706,1,0.0
yuw,1,0.0
SR13,1,0.0
tiss,1,0.0
Ahme,1,0.0
shet,1,0.0
y22w,1,0.0
z5,1,0.0
bkeb,1,0.0
lV,1,0.0
N5P5,1,0.0
yu,1,0.0
PCF6,1,0.0
Canc,1,0.0
P20692,1,0.0
sadi,1,0.0
Cigr,1,0.0
5694,1,0.0
P20631,1,0.0
g6bz,1,0.0
tP4b,1,0.0
17jG,1,0.0
d2z,1,0.0
cxnx4,1,0.0
Ox,1,0.0
D0Yd,1,0.0
a262,1,0.0
DX,1,0.0
cTbn,1,0.0
regis,1,0.0
B B,1,0.0
Shek,1,0.0
Adit,1,0.0
MPMZE,1,0.0
RRh,1,0.0
vaib,1,0.0
0025T,1,0.0
Adya,1,0.0
VekN,1,0.0
20a,1,0.0
bhiy,1,0.0
vFlc,1,0.0
Ther,1,0.0
ali bh,1,0.0
PMUA30,1,0.0
zy9l,1,0.0
a7Z,1,0.0
PYXD,1,0.0
aarc,1,0.0
NBS,1,0.0
GQZA,1,0.0
XK,1,0.0
GbyD,1,0.0
Webs,1,0.0
525,1,0.0
2pu,1,0.0
HRaJn,1,0.0
jagb,1,0.0
3350,1,0.0
U1L71,1,0.0
5zvrj,1,0.0
Bh69,1,0.0
MMQ4,1,0.0
r3FR,1,0.0
Narj,1,0.0
FONk,1,0.0
84kor,1,0.0
ghdd,1,0.0
divy,1,0.0
fitt,1,0.0
8d6aa,1,0.0
d0vmxz,1,0.0
0000N,1,0.0
Rasu,1,0.0
1122,1,0.0
WOXw,1,0.0
ZBXZ,1,0.0
key,1,0.0
13wjf,1,0.0
ynzM,1,0.0
62d,1,0.0
99oo,1,0.0
6197,1,0.0
osv,1,0.0
Iu6y,1,0.0
5hum,1,0.0
Tank,1,0.0
551,1,0.0
82c,1,0.0
xhe5,1,0.0
54i8,1,0.0
padi,1,0.0
TI3x,1,0.0
Loda,1,0.0
NEW,1,0.0
080,1,0.0
djqh,1,0.0
a5c2,1,0.0
0btx,1,0.0
y5,1,0.0
ART,1,0.0
9bl3,1,0.0
MMZJ,1,0.0
133p,1,0.0
pN97,1,0.0
Car w,1,0.0
mF,1,0.0
gr0G,1,0.0
suni,1,0.0
4ijb,1,0.0
Duty,1,0.0
xpaT,1,0.0
hi6,1,0.0
RK c,1,0.0
ZC,1,0.0
0e56,1,0.0
000CY,1,0.0
86H,1,0.0
Lokh,1,0.0
TE96,1,0.0
690h,1,0.0
791d00,1,0.0
9jzp,1,0.0
HP l,1,0.0
1Caj,1,0.0
cd0,1,0.0
murg,1,0.0
WzUG,1,0.0
Ptrl,1,0.0
kh9HN,1,0.0
hDWM,1,0.0
Affi,1,0.0
TK,1,0.0
9765M,1,0.0
ORu,1,0.0
0J,1,0.0
8805,1,0.0
57kzu,1,0.0
001UR,1,0.0
zLo,1,0.0
chee,1,0.0
Yf24,1,0.0
mysor,1,0.0
1320,1,0.0
tan,1,0.0
vm,1,0.0
wlfF,1,0.0
B4NuHh,1,0.0
tTDp,1,0.0
uW7N,1,0.0
sFL,1,0.0
Recurri,1,0.0
P20241,1,0.0
Roya,1,0.0
5kwq,1,0.0
73zu,1,0.0
P20283,1,0.0
bF,1,0.0
P2072371,1,0.0
ce86,1,0.0
FStJ,1,0.0
Beng,1,0.0
Boby,1,0.0
Enth,1,0.0
redm,1,0.0
mami,1,0.0
4yy,1,0.0
P203354,1,0.0
Nhgw,1,0.0
TID6,1,0.0
shaw,1,0.0
Cott,1,0.0
ApE,1,0.0
NZE7B,1,0.0
5395,1,0.0
adtrki,1,0.0
dis,1,0.0
fri,1,0.0
Borz,1,0.0
cqmely,1,0.0
rahu,1,0.0
i9lxg1,1,0.0
Car Was,1,0.0
Var,1,0.0
P2006598,1,0.0
5v8b,1,0.0
BaEg,1,0.0
saad,1,0.0
8537,1,0.0
0UU,1,0.0
anni,1,0.0
C0d,1,0.0
P205482,1,0.0
pp t,1,0.0
ZM9B,1,0.0
5odc,1,0.0
THj,1,0.0
In e,1,0.0
Jach,1,0.0
3zd96,1,0.0
wapi,1,0.0
hS9i,1,0.0
6XJ1,1,0.0
b11,1,0.0
Danc,1,0.0
ba8e,1,0.0
Aura,1,0.0
P1995,1,0.0
480,1,0.0
Ws,1,0.0
pbs,1,0.0
RRwg,1,0.0
SR02,1,0.0
alam,1,0.0
004OM,1,0.0
0012J,1,0.0
e34b,1,0.0
Hot,1,0.0
Sambh,1,0.0
CX,1,0.0
UpOM,1,0.0
2900,1,0.0
WLPS46,1,0.0
BKY4,1,0.0
05vo,1,0.0
Foca,1,0.0
P202228,1,0.0
Ecm,1,0.0
d0p3,1,0.0
aabo,1,0.0
hN,1,0.0
9qfg,1,0.0
5bmj,1,0.0
Mail,1,0.0
meds,1,0.0
P204802,1,0.0
0j,1,0.0
anta,1,0.0
Tk,1,0.0
Shed,1,0.0
9gb,1,0.0
C9I,1,0.0
AG1,1,0.0
12pt,1,0.0
MMNS,1,0.0
66u6jt,1,0.0
000U0,1,0.0
64sxap,1,0.0
papp,1,0.0
Indr,1,0.0
MB UP,1,0.0
Ruml,1,0.0
Vind,1,0.0
Furn,1,0.0
IQjy,1,0.0
MMA8,1,0.0
66ctn,1,0.0
5B,1,0.0
pond,1,0.0
9275M,1,0.0
potar,1,0.0
2sxx,1,0.0
BaQD,1,0.0
vemul,1,0.0
itea,1,0.0
ytI,1,0.0
fF,1,0.0
cctv,1,0.0
NAAH,1,0.0
AEST,1,0.0
9Sh5,1,0.0
P203160,1,0.0
5xr,1,0.0
c1g,1,0.0
fe3dd,1,0.0
Eh,1,0.0
zvHx,1,0.0
twa,1,0.0
fcv,1,0.0
Leb,1,0.0
msan,1,0.0
Daom,1,0.0
FcOM,1,0.0
cem,1,0.0
56a8c,1,0.0
conc,1,0.0
P206178,1,0.0
6Z,1,0.0
D8,1,0.0
Jagd,1,0.0
MPMVA,1,0.0
150V,1,0.0
bag,1,0.0
LCna,1,0.0
Bus b,1,0.0
Tote,1,0.0
ec488d3,1,0.0
khow,1,0.0
Onl,1,0.0
63h,1,0.0
bawa,1,0.0
Yoge,1,0.0
Kanc,1,0.0
lsc86,1,0.0
Bedshe,1,0.0
2718,1,0.0
l6,1,0.0
haldi t,1,0.0
6uRW,1,0.0
bnay,1,0.0
cyze,1,0.0
SPjN,1,0.0
Aars,1,0.0
Pel,1,0.0
tici,1,0.0
x8Ay,1,0.0
DGlK,1,0.0
Xs,1,0.0
ajit,1,0.0
BAsH,1,0.0
Fp,1,0.0
